ROI,Weights,Atlas,Task
Precentral_L,0.001620804226404947,aal,rest
Precentral_R,-0.019531015127482315,aal,rest
Frontal_Sup_2_L,0.00797871313592271,aal,rest
Frontal_Sup_2_R,-0.001703948445610329,aal,rest
Frontal_Mid_2_L,0.004401435796171826,aal,rest
Frontal_Mid_2_R,-0.004539548933549307,aal,rest
Frontal_Inf_Oper_L,-0.011425053303869058,aal,rest
Frontal_Inf_Oper_R,-0.015847530709348467,aal,rest
Frontal_Inf_Tri_L,-0.012713094257395283,aal,rest
Frontal_Inf_Tri_R,-0.010214485867651252,aal,rest
Frontal_Inf_Orb_2_L,-0.013613993982571472,aal,rest
Frontal_Inf_Orb_2_R,-0.007450396436905215,aal,rest
Rolandic_Oper_L,-0.013907561350190882,aal,rest
Rolandic_Oper_R,-0.012659849654375326,aal,rest
Supp_Motor_Area_L,-0.02828564127728896,aal,rest
Supp_Motor_Area_R,-0.027227361558135838,aal,rest
Olfactory_L,-0.0016549904579844998,aal,rest
Olfactory_R,-0.004111823888330453,aal,rest
Frontal_Sup_Medial_L,0.009234543407214345,aal,rest
Frontal_Sup_Medial_R,0.00506245882603368,aal,rest
Frontal_Med_Orb_L,0.014327185799382292,aal,rest
Frontal_Med_Orb_R,0.012453380802404917,aal,rest
Rectus_L,-0.0011634418322529825,aal,rest
Rectus_R,0.0017303559065538249,aal,rest
OFCmed_L,-0.0012880683158048665,aal,rest
OFCmed_R,-0.004570918213517563,aal,rest
OFCant_L,-0.0058223598564925,aal,rest
OFCant_R,-0.008585025556503466,aal,rest
OFCpost_L,-0.004906354049841979,aal,rest
OFCpost_R,-0.00038439401075676465,aal,rest
OFClat_L,-0.004023537082376067,aal,rest
OFClat_R,-0.0007474346644367542,aal,rest
Insula_L,-0.007960496628363485,aal,rest
Insula_R,-0.0070196805420645525,aal,rest
Cingulate_Mid_L,0.003418982290635669,aal,rest
Cingulate_Mid_R,-0.006701722470965345,aal,rest
Cingulate_Post_L,0.04107654863565629,aal,rest
Cingulate_Post_R,0.03276183893908122,aal,rest
Hippocampus_L,0.011973282278060843,aal,rest
Hippocampus_R,0.0019468225729544447,aal,rest
ParaHippocampal_L,0.00809104665659227,aal,rest
ParaHippocampal_R,0.0009295086225321877,aal,rest
Amygdala_L,-0.001565287761173047,aal,rest
Amygdala_R,-0.00579568374400608,aal,rest
Calcarine_L,-0.033061505865762224,aal,rest
Calcarine_R,-0.013129522040762747,aal,rest
Cuneus_L,-0.023719533811408466,aal,rest
Cuneus_R,-0.03161818939246683,aal,rest
Lingual_L,-0.00993926398661676,aal,rest
Lingual_R,0.0027883271503116353,aal,rest
Occipital_Sup_L,-0.014971800383063451,aal,rest
Occipital_Sup_R,-0.009589867071234203,aal,rest
Occipital_Mid_L,0.0032435380154015665,aal,rest
Occipital_Mid_R,-5.933243365027225e-06,aal,rest
Occipital_Inf_L,-0.007300417916538909,aal,rest
Occipital_Inf_R,-0.0042868096899008785,aal,rest
Fusiform_L,0.004067298042529386,aal,rest
Fusiform_R,0.0041868409314998285,aal,rest
Postcentral_L,-0.0037919188198265227,aal,rest
Postcentral_R,-0.015659447232822418,aal,rest
Parietal_Sup_L,0.0027202709892707984,aal,rest
Parietal_Sup_R,-0.004368209409018775,aal,rest
Parietal_Inf_L,0.003106724887033117,aal,rest
Parietal_Inf_R,-0.010732988180995608,aal,rest
SupraMarginal_L,-0.013956110831201645,aal,rest
SupraMarginal_R,-0.008445857098485806,aal,rest
Angular_L,0.012975230411471014,aal,rest
Angular_R,0.005234646547782779,aal,rest
Precuneus_L,-0.0007856796451662891,aal,rest
Precuneus_R,-0.002577782665798869,aal,rest
Paracentral_Lobule_L,-0.010604682704484333,aal,rest
Paracentral_Lobule_R,0.005100728518767401,aal,rest
Caudate_L,0.03992995202857599,aal,rest
Caudate_R,0.03820507817206708,aal,rest
Putamen_L,0.005098294026417394,aal,rest
Putamen_R,-0.01357978096119045,aal,rest
Pallidum_L,0.005375393918768899,aal,rest
Pallidum_R,-0.019543511128118418,aal,rest
Heschl_L,-0.015478787442627638,aal,rest
Heschl_R,-0.006596892648353278,aal,rest
Temporal_Sup_L,-0.012441494145854904,aal,rest
Temporal_Sup_R,-0.011544158169435794,aal,rest
Temporal_Pole_Sup_L,0.0008584312555228514,aal,rest
Temporal_Pole_Sup_R,0.0002064903820689388,aal,rest
Temporal_Mid_L,0.0041951443292686085,aal,rest
Temporal_Mid_R,-0.005760045434548048,aal,rest
Temporal_Pole_Mid_L,0.0005663116634146139,aal,rest
Temporal_Pole_Mid_R,-0.0002889131709696999,aal,rest
Temporal_Inf_L,-0.00024013314511742593,aal,rest
Temporal_Inf_R,-0.00044383002089910497,aal,rest
Cerebellum_Crus1_L,0.0008867410410470499,aal,rest
Cerebellum_Crus1_R,0.0031264167606669235,aal,rest
Cerebellum_Crus2_L,0.0009080685798074632,aal,rest
Cerebellum_Crus2_R,0.0016486127440368667,aal,rest
Cerebellum_3_L,0.07317685081093427,aal,rest
Cerebellum_3_R,0.0268046890615706,aal,rest
Cerebellum_4_5_L,0.03870761549064158,aal,rest
Cerebellum_4_5_R,0.02637539267964474,aal,rest
Cerebellum_6_L,0.02587746014998692,aal,rest
Cerebellum_6_R,0.01701325810457866,aal,rest
Cerebellum_7b_L,-0.0016678690197667663,aal,rest
Cerebellum_7b_R,0.004304647341015968,aal,rest
Cerebellum_8_L,0.0005634590633767459,aal,rest
Cerebellum_8_R,0.003151260655027149,aal,rest
Cerebellum_9_L,0.005823428666836941,aal,rest
Cerebellum_9_R,-0.003908541009963122,aal,rest
Cerebellum_10_L,0.0034435570841367274,aal,rest
Cerebellum_10_R,-0.0002515734387918155,aal,rest
Vermis_1_2,0.07816218645709196,aal,rest
Vermis_3,0.07032978033156775,aal,rest
Vermis_4_5,0.08215044646340032,aal,rest
Vermis_6,0.0456208978147441,aal,rest
Vermis_7,0.01376661866688629,aal,rest
Vermis_8,0.015811335455182294,aal,rest
Vermis_9,0.014304487193333276,aal,rest
Vermis_10,-0.012423644431856522,aal,rest
Thal_AV_L,0.022025757926827566,aal,rest
Thal_AV_R,0.060158234897007785,aal,rest
Thal_LP_L,0.04585364875862979,aal,rest
Thal_LP_R,0.06582287994938595,aal,rest
Thal_VA_L,0.014005053039911291,aal,rest
Thal_VA_R,-0.011537170569364171,aal,rest
Thal_VL_L,0.007534376278308456,aal,rest
Thal_VL_R,0.02062732012875252,aal,rest
Thal_VPL_L,0.024385132353967793,aal,rest
Thal_VPL_R,0.017464205222607776,aal,rest
Thal_IL_L,0.007963477911627312,aal,rest
Thal_IL_R,-0.019483936615306806,aal,rest
Thal_Re_L,0.05483325086952391,aal,rest
Thal_Re_R,0.04461900582145972,aal,rest
Thal_MDm_L,0.00028136749264567087,aal,rest
Thal_MDm_R,-0.004988064451584332,aal,rest
Thal_MDl_L,-0.008684614832558116,aal,rest
Thal_MDl_R,0.007579779251115169,aal,rest
Thal_LGN_L,0.03602442020235674,aal,rest
Thal_LGN_R,0.023138817683923212,aal,rest
Thal_MGN_L,0.013353610954512382,aal,rest
Thal_MGN_R,0.018607755048567147,aal,rest
Thal_PuI_L,0.02196075652284234,aal,rest
Thal_PuI_R,0.02150284523685321,aal,rest
Thal_PuM_L,0.014721967717902244,aal,rest
Thal_PuM_R,-0.039202792390382754,aal,rest
Thal_PuA_L,0.020611061369496125,aal,rest
Thal_PuA_R,-0.006055550209975991,aal,rest
Thal_PuL_L,0.04655702493363168,aal,rest
Thal_PuL_R,-0.0032040112660844757,aal,rest
ACC_sub_L,0.009311375996613455,aal,rest
ACC_sub_R,0.005303558398079668,aal,rest
ACC_pre_L,0.030625781441407596,aal,rest
ACC_pre_R,0.03491782563116847,aal,rest
ACC_sup_L,-0.010955959068608214,aal,rest
ACC_sup_R,0.0027252186535066305,aal,rest
N_Acc_L,-0.008304049838372043,aal,rest
N_Acc_R,-0.002072097977718131,aal,rest
VTA_L,-0.010508921141799873,aal,rest
VTA_R,-0.011245875917453912,aal,rest
SN_pc_L,-0.0038644019362720885,aal,rest
SN_pc_R,-0.023266982671532675,aal,rest
SN_pr_L,-0.005582564696449928,aal,rest
SN_pr_R,-0.017391597731425464,aal,rest
Red_N_L,-0.010493364009691999,aal,rest
Red_N_R,-0.017976771499688137,aal,rest
LC_L,0.044705809494462304,aal,rest
LC_R,0.03093340179262668,aal,rest
Raphe_D,-0.03674507634061431,aal,rest
Raphe_M,-0.007933637091976682,aal,rest
7Networks_LH_Vis_1,0.007826434674301509,schaefer,rest
7Networks_LH_Vis_2,0.022136481374607383,schaefer,rest
7Networks_LH_Vis_3,-0.04007477861651406,schaefer,rest
7Networks_LH_Vis_4,2.2478712139019382e-05,schaefer,rest
7Networks_LH_Vis_5,0.0017969526069024876,schaefer,rest
7Networks_LH_Vis_6,0.05020973815600038,schaefer,rest
7Networks_LH_Vis_7,-0.0040774326496352455,schaefer,rest
7Networks_LH_Vis_8,0.00015193134047883908,schaefer,rest
7Networks_LH_Vis_9,-0.020368235469642722,schaefer,rest
7Networks_LH_Vis_10,0.0005468783550483431,schaefer,rest
7Networks_LH_Vis_11,0.0010656242604038964,schaefer,rest
7Networks_LH_Vis_12,0.06083625028064611,schaefer,rest
7Networks_LH_Vis_13,0.002118497312859314,schaefer,rest
7Networks_LH_Vis_14,0.00041281908455603956,schaefer,rest
7Networks_LH_Vis_15,-0.017814815479520813,schaefer,rest
7Networks_LH_Vis_16,0.004190605555331658,schaefer,rest
7Networks_LH_Vis_17,-0.028892228331629178,schaefer,rest
7Networks_LH_Vis_18,0.0050798157446434134,schaefer,rest
7Networks_LH_Vis_19,0.011068309592322597,schaefer,rest
7Networks_LH_Vis_20,-0.059620930927145155,schaefer,rest
7Networks_LH_Vis_21,-0.05587426489199104,schaefer,rest
7Networks_LH_Vis_22,0.0038134044832618067,schaefer,rest
7Networks_LH_Vis_23,-0.002011468167308049,schaefer,rest
7Networks_LH_Vis_24,-0.03510877572510137,schaefer,rest
7Networks_LH_Vis_25,-0.06142647582607504,schaefer,rest
7Networks_LH_Vis_26,-0.007182684059994133,schaefer,rest
7Networks_LH_Vis_27,0.0041397229529096325,schaefer,rest
7Networks_LH_Vis_28,-0.003769129127572914,schaefer,rest
7Networks_LH_Vis_29,-0.006734965858266151,schaefer,rest
7Networks_LH_Vis_30,-0.0020654835861536585,schaefer,rest
7Networks_LH_Vis_31,-0.0027159805415414105,schaefer,rest
7Networks_LH_SomMot_1,-0.016658946279169643,schaefer,rest
7Networks_LH_SomMot_2,0.0046911761892045245,schaefer,rest
7Networks_LH_SomMot_3,-9.895071708223915e-05,schaefer,rest
7Networks_LH_SomMot_4,0.016225653991981278,schaefer,rest
7Networks_LH_SomMot_5,-0.00827479081913868,schaefer,rest
7Networks_LH_SomMot_6,-0.05082032171548483,schaefer,rest
7Networks_LH_SomMot_7,-0.007751775852922271,schaefer,rest
7Networks_LH_SomMot_8,-0.009123900039843381,schaefer,rest
7Networks_LH_SomMot_9,-0.05486054130577743,schaefer,rest
7Networks_LH_SomMot_10,-0.004182264120289591,schaefer,rest
7Networks_LH_SomMot_11,0.008154029291405058,schaefer,rest
7Networks_LH_SomMot_12,0.004544929826396121,schaefer,rest
7Networks_LH_SomMot_13,0.03333204591332722,schaefer,rest
7Networks_LH_SomMot_14,0.00019475989165455658,schaefer,rest
7Networks_LH_SomMot_15,0.001207658648809229,schaefer,rest
7Networks_LH_SomMot_16,-0.008094042348022934,schaefer,rest
7Networks_LH_SomMot_17,-0.02437984815233709,schaefer,rest
7Networks_LH_SomMot_18,-0.01668358072920524,schaefer,rest
7Networks_LH_SomMot_19,-0.003660212772139284,schaefer,rest
7Networks_LH_SomMot_20,0.002730968959933707,schaefer,rest
7Networks_LH_SomMot_21,-0.00931895295006834,schaefer,rest
7Networks_LH_SomMot_22,-0.037067199127774154,schaefer,rest
7Networks_LH_SomMot_23,-0.013786096810419077,schaefer,rest
7Networks_LH_SomMot_24,-0.044916957039331316,schaefer,rest
7Networks_LH_SomMot_25,-0.004002114265724967,schaefer,rest
7Networks_LH_SomMot_26,-0.004561129467413438,schaefer,rest
7Networks_LH_SomMot_27,-0.0019727661992214617,schaefer,rest
7Networks_LH_SomMot_28,-0.0027629274194028515,schaefer,rest
7Networks_LH_SomMot_29,-0.006273260638846701,schaefer,rest
7Networks_LH_SomMot_30,-0.03828133042927422,schaefer,rest
7Networks_LH_SomMot_31,-0.0015408350105240837,schaefer,rest
7Networks_LH_SomMot_32,-0.00914059482287833,schaefer,rest
7Networks_LH_SomMot_33,0.0007153354352784654,schaefer,rest
7Networks_LH_SomMot_34,-0.011003762812911322,schaefer,rest
7Networks_LH_SomMot_35,0.00459954150973527,schaefer,rest
7Networks_LH_SomMot_36,0.0036623827740941447,schaefer,rest
7Networks_LH_SomMot_37,0.004111566146228919,schaefer,rest
7Networks_LH_DorsAttn_Post_1,0.005105226801110104,schaefer,rest
7Networks_LH_DorsAttn_Post_2,0.008759751592223301,schaefer,rest
7Networks_LH_DorsAttn_Post_3,0.006144525995452405,schaefer,rest
7Networks_LH_DorsAttn_Post_4,0.007321635517404547,schaefer,rest
7Networks_LH_DorsAttn_Post_5,0.002599582402466644,schaefer,rest
7Networks_LH_DorsAttn_Post_6,-0.004733483660136335,schaefer,rest
7Networks_LH_DorsAttn_Post_7,-0.015255423484618733,schaefer,rest
7Networks_LH_DorsAttn_Post_8,-0.012548708530373239,schaefer,rest
7Networks_LH_DorsAttn_Post_9,-0.008013504064580549,schaefer,rest
7Networks_LH_DorsAttn_Post_10,-0.01706166944185145,schaefer,rest
7Networks_LH_DorsAttn_Post_11,0.008126993763499396,schaefer,rest
7Networks_LH_DorsAttn_Post_12,0.001657373748262759,schaefer,rest
7Networks_LH_DorsAttn_Post_13,0.009892127336583092,schaefer,rest
7Networks_LH_DorsAttn_Post_14,0.008010136370518657,schaefer,rest
7Networks_LH_DorsAttn_Post_15,0.010735052300336691,schaefer,rest
7Networks_LH_DorsAttn_Post_16,0.0052533714526203845,schaefer,rest
7Networks_LH_DorsAttn_Post_17,0.004521418659336026,schaefer,rest
7Networks_LH_DorsAttn_FEF_1,0.0027188640537007414,schaefer,rest
7Networks_LH_DorsAttn_FEF_2,-0.012748585433308271,schaefer,rest
7Networks_LH_DorsAttn_FEF_3,0.00884251061888447,schaefer,rest
7Networks_LH_DorsAttn_FEF_4,0.01454342374924271,schaefer,rest
7Networks_LH_DorsAttn_PrCv_1,0.01874840684483555,schaefer,rest
7Networks_LH_DorsAttn_PrCv_2,-0.02626788336838474,schaefer,rest
7Networks_LH_SalVentAttn_ParOper_1,-0.009737351833595888,schaefer,rest
7Networks_LH_SalVentAttn_ParOper_2,-0.0023522659050489816,schaefer,rest
7Networks_LH_SalVentAttn_ParOper_3,-0.010390705241167955,schaefer,rest
7Networks_LH_SalVentAttn_ParOper_4,0.01999365406647539,schaefer,rest
7Networks_LH_SalVentAttn_TempOcc_1,0.005510217235957579,schaefer,rest
7Networks_LH_SalVentAttn_FrOperIns_1,-0.028271892095651202,schaefer,rest
7Networks_LH_SalVentAttn_FrOperIns_2,-0.016922367922201604,schaefer,rest
7Networks_LH_SalVentAttn_FrOperIns_3,0.005128154672947598,schaefer,rest
7Networks_LH_SalVentAttn_FrOperIns_4,-0.004045044955937323,schaefer,rest
7Networks_LH_SalVentAttn_FrOperIns_5,-0.04936092175792354,schaefer,rest
7Networks_LH_SalVentAttn_FrOperIns_6,-0.01673180371168435,schaefer,rest
7Networks_LH_SalVentAttn_FrOperIns_7,-0.03000328439461739,schaefer,rest
7Networks_LH_SalVentAttn_FrOperIns_8,-0.020312379622360377,schaefer,rest
7Networks_LH_SalVentAttn_FrOperIns_9,0.017818415019858598,schaefer,rest
7Networks_LH_SalVentAttn_PFCl_1,-0.04821267371843829,schaefer,rest
7Networks_LH_SalVentAttn_Med_1,-0.013669580809452095,schaefer,rest
7Networks_LH_SalVentAttn_Med_2,0.07020013066460506,schaefer,rest
7Networks_LH_SalVentAttn_Med_3,-0.05686449175664571,schaefer,rest
7Networks_LH_SalVentAttn_Med_4,-0.003494015757532693,schaefer,rest
7Networks_LH_SalVentAttn_Med_5,-0.03143691921223769,schaefer,rest
7Networks_LH_SalVentAttn_Med_6,-0.0003774007403846764,schaefer,rest
7Networks_LH_SalVentAttn_Med_7,-0.0005638213708923724,schaefer,rest
7Networks_LH_Limbic_OFC_1,-0.003908713839484137,schaefer,rest
7Networks_LH_Limbic_OFC_2,-0.0009318124388543997,schaefer,rest
7Networks_LH_Limbic_OFC_3,0.0001022397232492477,schaefer,rest
7Networks_LH_Limbic_OFC_4,0.0017492183979852648,schaefer,rest
7Networks_LH_Limbic_OFC_5,-0.002522781197156243,schaefer,rest
7Networks_LH_Limbic_TempPole_1,0.00037452867459399303,schaefer,rest
7Networks_LH_Limbic_TempPole_2,-0.008090967407229407,schaefer,rest
7Networks_LH_Limbic_TempPole_3,-0.0004587626432026242,schaefer,rest
7Networks_LH_Limbic_TempPole_4,-0.00974889681845567,schaefer,rest
7Networks_LH_Limbic_TempPole_5,0.0010456999594673304,schaefer,rest
7Networks_LH_Limbic_TempPole_6,0.0007043012150733388,schaefer,rest
7Networks_LH_Limbic_TempPole_7,-0.0012742690960971088,schaefer,rest
7Networks_LH_Limbic_TempPole_8,0.0006118432764812938,schaefer,rest
7Networks_LH_Cont_Par_1,0.005237194647064477,schaefer,rest
7Networks_LH_Cont_Par_2,0.013508756436287902,schaefer,rest
7Networks_LH_Cont_Par_3,0.0021495960476545675,schaefer,rest
7Networks_LH_Cont_Par_4,0.01751212702283242,schaefer,rest
7Networks_LH_Cont_Par_5,0.0026016129815478873,schaefer,rest
7Networks_LH_Cont_Par_6,0.003692304745264404,schaefer,rest
7Networks_LH_Cont_Temp_1,-0.004438236806379928,schaefer,rest
7Networks_LH_Cont_OFC_1,-0.0035495730165648197,schaefer,rest
7Networks_LH_Cont_PFCl_1,-0.01212640596121032,schaefer,rest
7Networks_LH_Cont_PFCl_2,-0.00747907920033511,schaefer,rest
7Networks_LH_Cont_PFCl_3,-0.0010335004672631129,schaefer,rest
7Networks_LH_Cont_PFCl_4,-0.0062493503487007366,schaefer,rest
7Networks_LH_Cont_PFCl_5,-0.017096720940283097,schaefer,rest
7Networks_LH_Cont_PFCl_6,0.01765709884453401,schaefer,rest
7Networks_LH_Cont_PFCl_7,0.003938311902136448,schaefer,rest
7Networks_LH_Cont_PFCl_8,-0.021105470035759837,schaefer,rest
7Networks_LH_Cont_PFCv_1,-0.00014491019481389025,schaefer,rest
7Networks_LH_Cont_pCun_1,-0.017540011553105708,schaefer,rest
7Networks_LH_Cont_pCun_2,-0.019111823927274653,schaefer,rest
7Networks_LH_Cont_Cing_1,0.041518649280467085,schaefer,rest
7Networks_LH_Cont_Cing_2,-0.019479498779094356,schaefer,rest
7Networks_LH_Cont_PFCmp_1,0.002147447758859325,schaefer,rest
7Networks_LH_Default_Temp_1,0.0038809021518397234,schaefer,rest
7Networks_LH_Default_Temp_2,0.0017769666125140853,schaefer,rest
7Networks_LH_Default_Temp_3,0.008056636348622196,schaefer,rest
7Networks_LH_Default_Temp_4,0.001437616063467093,schaefer,rest
7Networks_LH_Default_Temp_5,0.003439115070443545,schaefer,rest
7Networks_LH_Default_Temp_6,-0.016571135029091577,schaefer,rest
7Networks_LH_Default_Temp_7,0.0008777719557263735,schaefer,rest
7Networks_LH_Default_Temp_8,0.001362332050306421,schaefer,rest
7Networks_LH_Default_Temp_9,-0.009071047411865986,schaefer,rest
7Networks_LH_Default_Temp_10,-0.00021467712607250409,schaefer,rest
7Networks_LH_Default_Par_1,0.008751867407602613,schaefer,rest
7Networks_LH_Default_Par_2,0.003994003502036626,schaefer,rest
7Networks_LH_Default_Par_3,0.012663503537022516,schaefer,rest
7Networks_LH_Default_Par_4,0.010701437615516465,schaefer,rest
7Networks_LH_Default_Par_5,0.006549067593053139,schaefer,rest
7Networks_LH_Default_Par_6,0.011881967411127809,schaefer,rest
7Networks_LH_Default_Par_7,-0.0058421548674114756,schaefer,rest
7Networks_LH_Default_PFC_1,-0.021232699944247542,schaefer,rest
7Networks_LH_Default_PFC_2,0.015076611856146551,schaefer,rest
7Networks_LH_Default_PFC_3,0.012127696299425212,schaefer,rest
7Networks_LH_Default_PFC_4,-0.006344734649057364,schaefer,rest
7Networks_LH_Default_PFC_5,-0.0035054281768198544,schaefer,rest
7Networks_LH_Default_PFC_6,-0.014622309138583965,schaefer,rest
7Networks_LH_Default_PFC_7,0.027968995473485317,schaefer,rest
7Networks_LH_Default_PFC_8,0.02811099196026647,schaefer,rest
7Networks_LH_Default_PFC_9,-0.004895449308708737,schaefer,rest
7Networks_LH_Default_PFC_10,0.003690520435901129,schaefer,rest
7Networks_LH_Default_PFC_11,0.009245942310113301,schaefer,rest
7Networks_LH_Default_PFC_12,0.017894904842339788,schaefer,rest
7Networks_LH_Default_PFC_13,0.005533777689419465,schaefer,rest
7Networks_LH_Default_PFC_14,0.02247770211639451,schaefer,rest
7Networks_LH_Default_PFC_15,0.021056719156133115,schaefer,rest
7Networks_LH_Default_PFC_16,0.005814188178718121,schaefer,rest
7Networks_LH_Default_PFC_17,-0.0009500983331208497,schaefer,rest
7Networks_LH_Default_PFC_18,0.005764922117273377,schaefer,rest
7Networks_LH_Default_PFC_19,-0.004180588443222109,schaefer,rest
7Networks_LH_Default_PFC_20,0.0038124855734199734,schaefer,rest
7Networks_LH_Default_PFC_21,0.008002208124380196,schaefer,rest
7Networks_LH_Default_PFC_22,0.0009107816907105484,schaefer,rest
7Networks_LH_Default_PFC_23,-0.018271700129500044,schaefer,rest
7Networks_LH_Default_PFC_24,0.0015626630465966785,schaefer,rest
7Networks_LH_Default_pCunPCC_1,-0.00037296437132994774,schaefer,rest
7Networks_LH_Default_pCunPCC_2,0.038215868494841536,schaefer,rest
7Networks_LH_Default_pCunPCC_3,0.04311963331517873,schaefer,rest
7Networks_LH_Default_pCunPCC_4,-0.048932852324945444,schaefer,rest
7Networks_LH_Default_pCunPCC_5,0.03480782304421865,schaefer,rest
7Networks_LH_Default_pCunPCC_6,0.042379235468555515,schaefer,rest
7Networks_LH_Default_pCunPCC_7,0.018719437764855032,schaefer,rest
7Networks_LH_Default_pCunPCC_8,0.059948644772482615,schaefer,rest
7Networks_LH_Default_pCunPCC_9,-0.01621777445452687,schaefer,rest
7Networks_LH_Default_pCunPCC_10,0.005591320560393992,schaefer,rest
7Networks_LH_Default_pCunPCC_11,-0.0013555946080730076,schaefer,rest
7Networks_RH_Vis_1,-0.003677512067027132,schaefer,rest
7Networks_RH_Vis_2,0.026931977607002257,schaefer,rest
7Networks_RH_Vis_3,-0.007376819051810883,schaefer,rest
7Networks_RH_Vis_4,0.02219574464057751,schaefer,rest
7Networks_RH_Vis_5,-0.0047935677618316155,schaefer,rest
7Networks_RH_Vis_6,0.020746692817254133,schaefer,rest
7Networks_RH_Vis_7,-0.0006920294595741118,schaefer,rest
7Networks_RH_Vis_8,0.0020134533795082453,schaefer,rest
7Networks_RH_Vis_9,-0.0017266749679607947,schaefer,rest
7Networks_RH_Vis_10,0.015822378959197525,schaefer,rest
7Networks_RH_Vis_11,0.03305611294963037,schaefer,rest
7Networks_RH_Vis_12,0.0008370865748394978,schaefer,rest
7Networks_RH_Vis_13,0.014082998143929359,schaefer,rest
7Networks_RH_Vis_14,-0.020048991711405246,schaefer,rest
7Networks_RH_Vis_15,-0.016645954281144078,schaefer,rest
7Networks_RH_Vis_16,-0.02389958217544067,schaefer,rest
7Networks_RH_Vis_17,-0.005091144868813834,schaefer,rest
7Networks_RH_Vis_18,0.0010833848580205072,schaefer,rest
7Networks_RH_Vis_19,-0.02648545648875577,schaefer,rest
7Networks_RH_Vis_20,-0.0006766084459451932,schaefer,rest
7Networks_RH_Vis_21,-0.002887846119687214,schaefer,rest
7Networks_RH_Vis_22,-0.0074068190700330725,schaefer,rest
7Networks_RH_Vis_23,-0.06613160405407566,schaefer,rest
7Networks_RH_Vis_24,-0.05605417025258907,schaefer,rest
7Networks_RH_Vis_25,0.007942959870846915,schaefer,rest
7Networks_RH_Vis_26,0.01092406383493291,schaefer,rest
7Networks_RH_Vis_27,-0.042633204937443075,schaefer,rest
7Networks_RH_Vis_28,-0.004027000174258652,schaefer,rest
7Networks_RH_Vis_29,-0.01330872779519784,schaefer,rest
7Networks_RH_Vis_30,-0.0007746405112996921,schaefer,rest
7Networks_RH_SomMot_1,0.005528066616263999,schaefer,rest
7Networks_RH_SomMot_2,0.006677203569017339,schaefer,rest
7Networks_RH_SomMot_3,0.016178442793494334,schaefer,rest
7Networks_RH_SomMot_4,-0.02254748211854509,schaefer,rest
7Networks_RH_SomMot_5,-0.003100561795312074,schaefer,rest
7Networks_RH_SomMot_6,-0.008921735456874372,schaefer,rest
7Networks_RH_SomMot_7,-0.005762610652970958,schaefer,rest
7Networks_RH_SomMot_8,-0.003005616584526625,schaefer,rest
7Networks_RH_SomMot_9,-0.00033646292865519283,schaefer,rest
7Networks_RH_SomMot_10,-0.0002588135539499203,schaefer,rest
7Networks_RH_SomMot_11,-0.0016594700448850344,schaefer,rest
7Networks_RH_SomMot_12,-0.06306760181233045,schaefer,rest
7Networks_RH_SomMot_13,-0.0018486120863498885,schaefer,rest
7Networks_RH_SomMot_14,-0.0013441027901826014,schaefer,rest
7Networks_RH_SomMot_15,-0.007807127998107873,schaefer,rest
7Networks_RH_SomMot_16,-0.008259138682407635,schaefer,rest
7Networks_RH_SomMot_17,-0.03304537178883405,schaefer,rest
7Networks_RH_SomMot_18,-0.011219616174547095,schaefer,rest
7Networks_RH_SomMot_19,-0.010323346041629863,schaefer,rest
7Networks_RH_SomMot_20,-0.013391741990339191,schaefer,rest
7Networks_RH_SomMot_21,-0.03556387503280441,schaefer,rest
7Networks_RH_SomMot_22,-0.010559329216011324,schaefer,rest
7Networks_RH_SomMot_23,-0.043580818037104646,schaefer,rest
7Networks_RH_SomMot_24,-0.029633122298190588,schaefer,rest
7Networks_RH_SomMot_25,-0.012755657795824818,schaefer,rest
7Networks_RH_SomMot_26,-0.018661708557606856,schaefer,rest
7Networks_RH_SomMot_27,-0.005135359244998246,schaefer,rest
7Networks_RH_SomMot_28,-0.026682813569287672,schaefer,rest
7Networks_RH_SomMot_29,-0.011260773559113889,schaefer,rest
7Networks_RH_SomMot_30,-0.021647809206392185,schaefer,rest
7Networks_RH_SomMot_31,-0.00929582924613337,schaefer,rest
7Networks_RH_SomMot_32,-0.012319404521420834,schaefer,rest
7Networks_RH_SomMot_33,-0.020058203938603674,schaefer,rest
7Networks_RH_SomMot_34,0.007278301251222188,schaefer,rest
7Networks_RH_SomMot_35,-0.010963836646701317,schaefer,rest
7Networks_RH_SomMot_36,0.006228798923463172,schaefer,rest
7Networks_RH_SomMot_37,-0.00215089503508283,schaefer,rest
7Networks_RH_SomMot_38,-0.0006679970735945462,schaefer,rest
7Networks_RH_SomMot_39,0.0027124982823892967,schaefer,rest
7Networks_RH_SomMot_40,-0.004818136849272429,schaefer,rest
7Networks_RH_DorsAttn_Post_1,-0.0009235038691809205,schaefer,rest
7Networks_RH_DorsAttn_Post_2,-0.007212109156904162,schaefer,rest
7Networks_RH_DorsAttn_Post_3,0.0010305617460753418,schaefer,rest
7Networks_RH_DorsAttn_Post_4,-0.019724937634811708,schaefer,rest
7Networks_RH_DorsAttn_Post_5,-0.0033842513967566328,schaefer,rest
7Networks_RH_DorsAttn_Post_6,0.0002064486963807703,schaefer,rest
7Networks_RH_DorsAttn_Post_7,-0.04056285683605961,schaefer,rest
7Networks_RH_DorsAttn_Post_8,-0.05519746013473868,schaefer,rest
7Networks_RH_DorsAttn_Post_9,-0.010373480318982312,schaefer,rest
7Networks_RH_DorsAttn_Post_10,-0.02729525403065993,schaefer,rest
7Networks_RH_DorsAttn_Post_11,-0.006751196111020853,schaefer,rest
7Networks_RH_DorsAttn_Post_12,-0.030290214512679006,schaefer,rest
7Networks_RH_DorsAttn_Post_13,-0.020621755303034117,schaefer,rest
7Networks_RH_DorsAttn_Post_14,-0.002735306247411404,schaefer,rest
7Networks_RH_DorsAttn_Post_15,-0.004730603291532563,schaefer,rest
7Networks_RH_DorsAttn_Post_16,-0.012331824446307968,schaefer,rest
7Networks_RH_DorsAttn_Post_17,0.0021379459780507567,schaefer,rest
7Networks_RH_DorsAttn_Post_18,0.008169018776432991,schaefer,rest
7Networks_RH_DorsAttn_Post_19,-0.020575980066170018,schaefer,rest
7Networks_RH_DorsAttn_FEF_1,-0.05355681521758742,schaefer,rest
7Networks_RH_DorsAttn_FEF_2,-0.014331169299101169,schaefer,rest
7Networks_RH_DorsAttn_FEF_3,-0.053926028843492825,schaefer,rest
7Networks_RH_DorsAttn_PrCv_1,-0.008866096926330013,schaefer,rest
7Networks_RH_SalVentAttn_TempOccPar_1,-0.052676800780311187,schaefer,rest
7Networks_RH_SalVentAttn_TempOccPar_2,-0.028333727892148927,schaefer,rest
7Networks_RH_SalVentAttn_TempOccPar_3,-0.018307189132729468,schaefer,rest
7Networks_RH_SalVentAttn_TempOccPar_4,-0.02743674666850504,schaefer,rest
7Networks_RH_SalVentAttn_TempOccPar_5,-0.0022284374856826918,schaefer,rest
7Networks_RH_SalVentAttn_TempOccPar_6,0.0015382740763857977,schaefer,rest
7Networks_RH_SalVentAttn_TempOccPar_7,-0.009914299026431228,schaefer,rest
7Networks_RH_SalVentAttn_PrC_1,-0.010221054189336417,schaefer,rest
7Networks_RH_SalVentAttn_FrOperIns_1,-0.013757935719379185,schaefer,rest
7Networks_RH_SalVentAttn_FrOperIns_2,-0.019199886245071233,schaefer,rest
7Networks_RH_SalVentAttn_FrOperIns_3,-0.00725667640274305,schaefer,rest
7Networks_RH_SalVentAttn_FrOperIns_4,-0.018386096488666494,schaefer,rest
7Networks_RH_SalVentAttn_FrOperIns_5,-0.033324877182118795,schaefer,rest
7Networks_RH_SalVentAttn_FrOperIns_6,-0.003474989102733455,schaefer,rest
7Networks_RH_SalVentAttn_FrOperIns_7,0.007502539104496119,schaefer,rest
7Networks_RH_SalVentAttn_FrOperIns_8,-0.0023815240536112954,schaefer,rest
7Networks_RH_SalVentAttn_PFCl_1,-0.021552002696069886,schaefer,rest
7Networks_RH_SalVentAttn_Med_1,-0.028038231767684555,schaefer,rest
7Networks_RH_SalVentAttn_Med_2,-0.01652773933764811,schaefer,rest
7Networks_RH_SalVentAttn_Med_3,-0.055864081047173816,schaefer,rest
7Networks_RH_SalVentAttn_Med_4,0.001652917758436097,schaefer,rest
7Networks_RH_SalVentAttn_Med_5,0.027047128363822257,schaefer,rest
7Networks_RH_SalVentAttn_Med_6,-0.0053244709987432665,schaefer,rest
7Networks_RH_SalVentAttn_Med_7,0.0027458611842770607,schaefer,rest
7Networks_RH_SalVentAttn_Med_8,0.0007165041932156152,schaefer,rest
7Networks_RH_Limbic_OFC_1,-0.0037289887736922096,schaefer,rest
7Networks_RH_Limbic_OFC_2,0.0008509037237765944,schaefer,rest
7Networks_RH_Limbic_OFC_3,-0.012414280893867412,schaefer,rest
7Networks_RH_Limbic_OFC_4,0.0016873880328975596,schaefer,rest
7Networks_RH_Limbic_OFC_5,0.0005420825296954427,schaefer,rest
7Networks_RH_Limbic_OFC_6,-0.0006072889596750307,schaefer,rest
7Networks_RH_Limbic_TempPole_1,0.0010889729694927447,schaefer,rest
7Networks_RH_Limbic_TempPole_2,-0.0005162895248731106,schaefer,rest
7Networks_RH_Limbic_TempPole_3,-0.004235300157215382,schaefer,rest
7Networks_RH_Limbic_TempPole_4,-0.00022824097479854489,schaefer,rest
7Networks_RH_Limbic_TempPole_5,-0.002710538988781826,schaefer,rest
7Networks_RH_Limbic_TempPole_6,0.0011300173572948628,schaefer,rest
7Networks_RH_Limbic_TempPole_7,0.005306773208058632,schaefer,rest
7Networks_RH_Cont_Par_1,0.006656865212953192,schaefer,rest
7Networks_RH_Cont_Par_2,0.0042639843601505675,schaefer,rest
7Networks_RH_Cont_Par_3,-0.002677156198869567,schaefer,rest
7Networks_RH_Cont_Par_4,0.006001433571726294,schaefer,rest
7Networks_RH_Cont_Par_5,-0.0149719538003882,schaefer,rest
7Networks_RH_Cont_Par_6,-0.0015801566865229731,schaefer,rest
7Networks_RH_Cont_Temp_1,4.0004720940980476e-05,schaefer,rest
7Networks_RH_Cont_Temp_2,-0.0061392486606505516,schaefer,rest
7Networks_RH_Cont_PFCv_1,-0.006758966205707999,schaefer,rest
7Networks_RH_Cont_PFCl_1,-0.0022555184631266488,schaefer,rest
7Networks_RH_Cont_PFCl_2,0.002733876475472162,schaefer,rest
7Networks_RH_Cont_PFCl_3,0.00627887597525428,schaefer,rest
7Networks_RH_Cont_PFCl_4,0.0015623324355003515,schaefer,rest
7Networks_RH_Cont_PFCl_5,0.004366849091506135,schaefer,rest
7Networks_RH_Cont_PFCl_6,-0.0359780883159993,schaefer,rest
7Networks_RH_Cont_PFCl_7,0.009731471348670293,schaefer,rest
7Networks_RH_Cont_PFCl_8,-0.004903400107415965,schaefer,rest
7Networks_RH_Cont_PFCl_9,-0.04484804271943266,schaefer,rest
7Networks_RH_Cont_PFCl_10,0.0016999243512158238,schaefer,rest
7Networks_RH_Cont_PFCl_11,0.005272549547153474,schaefer,rest
7Networks_RH_Cont_PFCl_12,-0.01005362531995017,schaefer,rest
7Networks_RH_Cont_PFCl_13,0.0010335028403776934,schaefer,rest
7Networks_RH_Cont_PFCl_14,-0.018138967163264037,schaefer,rest
7Networks_RH_Cont_PFCl_15,0.008207575728094137,schaefer,rest
7Networks_RH_Cont_pCun_1,-0.03419039518613756,schaefer,rest
7Networks_RH_Cont_pCun_2,0.030097024488233027,schaefer,rest
7Networks_RH_Cont_Cing_1,-0.031188280035416766,schaefer,rest
7Networks_RH_Cont_Cing_2,0.01321031077666244,schaefer,rest
7Networks_RH_Cont_PFCmp_1,-0.018309704932510745,schaefer,rest
7Networks_RH_Cont_PFCmp_2,-0.03579862533046492,schaefer,rest
7Networks_RH_Default_Par_1,0.004696718456766762,schaefer,rest
7Networks_RH_Default_Par_2,0.004939943087054583,schaefer,rest
7Networks_RH_Default_Par_3,0.023101887826179838,schaefer,rest
7Networks_RH_Default_Par_4,0.013278995455795807,schaefer,rest
7Networks_RH_Default_Par_5,3.058113482960779e-05,schaefer,rest
7Networks_RH_Default_Temp_1,0.001961367716395038,schaefer,rest
7Networks_RH_Default_Temp_2,0.0008832104634313723,schaefer,rest
7Networks_RH_Default_Temp_3,0.002671011631869194,schaefer,rest
7Networks_RH_Default_Temp_4,-0.0012564281190946447,schaefer,rest
7Networks_RH_Default_Temp_5,-0.010557057373364612,schaefer,rest
7Networks_RH_Default_Temp_6,-0.001618923979510622,schaefer,rest
7Networks_RH_Default_Temp_7,-0.03926308453505737,schaefer,rest
7Networks_RH_Default_Temp_8,0.003168830796391639,schaefer,rest
7Networks_RH_Default_PFCv_1,-0.013349710506803565,schaefer,rest
7Networks_RH_Default_PFCv_2,-0.004337609700278401,schaefer,rest
7Networks_RH_Default_PFCv_3,-0.0015219882066090003,schaefer,rest
7Networks_RH_Default_PFCv_4,0.010525916490296792,schaefer,rest
7Networks_RH_Default_PFCdPFCm_1,0.009416207498028172,schaefer,rest
7Networks_RH_Default_PFCdPFCm_2,0.03993720983752237,schaefer,rest
7Networks_RH_Default_PFCdPFCm_3,0.029901070373459886,schaefer,rest
7Networks_RH_Default_PFCdPFCm_4,0.010522911935595446,schaefer,rest
7Networks_RH_Default_PFCdPFCm_5,-0.010718525863544324,schaefer,rest
7Networks_RH_Default_PFCdPFCm_6,0.008425141338933179,schaefer,rest
7Networks_RH_Default_PFCdPFCm_7,0.006823632511297808,schaefer,rest
7Networks_RH_Default_PFCdPFCm_8,-0.011862309301930088,schaefer,rest
7Networks_RH_Default_PFCdPFCm_9,-0.003781840069421173,schaefer,rest
7Networks_RH_Default_PFCdPFCm_10,-0.0015724978745729134,schaefer,rest
7Networks_RH_Default_PFCdPFCm_11,0.01553513361765912,schaefer,rest
7Networks_RH_Default_PFCdPFCm_12,0.0021753769554092423,schaefer,rest
7Networks_RH_Default_PFCdPFCm_13,-0.0058722713372420425,schaefer,rest
7Networks_RH_Default_pCunPCC_1,0.05512969078499736,schaefer,rest
7Networks_RH_Default_pCunPCC_2,-0.006802434311879251,schaefer,rest
7Networks_RH_Default_pCunPCC_3,0.06277638008201424,schaefer,rest
7Networks_RH_Default_pCunPCC_4,0.03381862191511488,schaefer,rest
7Networks_RH_Default_pCunPCC_5,0.00467394514631603,schaefer,rest
7Networks_RH_Default_pCunPCC_6,0.040875658425563045,schaefer,rest
7Networks_RH_Default_pCunPCC_7,-0.0022646848296907873,schaefer,rest
7Networks_RH_Default_pCunPCC_8,-0.04324833487909637,schaefer,rest
Visual,-0.006695876527418385,yeo7,rest
Somatomotor,-0.008876372697337516,yeo7,rest
DorsalAttention,-0.0071799915738642965,yeo7,rest
VentralAttention,-0.011842594742296684,yeo7,rest
Limbic,-0.0009118941703077157,yeo7,rest
Frontoparietal,-0.0031356640455251564,yeo7,rest
Default,0.007228061895904939,yeo7,rest
