Atlas,ROI,Weights
schaefer,Background,-0.055362243068543975
schaefer,7Networks_LH_Vis_1,-0.07125668825753725
schaefer,7Networks_LH_Vis_2,0.10071777406759981
schaefer,7Networks_LH_Vis_3,-0.03987568011246111
schaefer,7Networks_LH_Vis_4,-0.0013316166327562305
schaefer,7Networks_LH_Vis_5,-0.0023619317315441896
schaefer,7Networks_LH_Vis_6,0.314171669097179
schaefer,7Networks_LH_Vis_7,-0.0673473510370801
schaefer,7Networks_LH_Vis_8,-0.021141820094908326
schaefer,7Networks_LH_Vis_9,0.0897082882913024
schaefer,7Networks_LH_Vis_10,0.048251121517160434
schaefer,7Networks_LH_Vis_11,3.2452692579400853e-06
schaefer,7Networks_LH_Vis_12,0.37185268127555104
schaefer,7Networks_LH_Vis_13,0.0004909080643511305
schaefer,7Networks_LH_Vis_14,-0.002123307058298437
schaefer,7Networks_LH_Vis_15,0.08045265467155763
schaefer,7Networks_LH_Vis_16,-0.12716736600000714
schaefer,7Networks_LH_Vis_17,0.08301274458533722
schaefer,7Networks_LH_Vis_18,0.011675312741211067
schaefer,7Networks_LH_Vis_19,0.015416726631034787
schaefer,7Networks_LH_Vis_20,0.35640838856591733
schaefer,7Networks_LH_Vis_21,0.3103014571030011
schaefer,7Networks_LH_Vis_22,0.004487913119794004
schaefer,7Networks_LH_Vis_23,0.003538511825904926
schaefer,7Networks_LH_Vis_24,-0.025765364744748602
schaefer,7Networks_LH_Vis_25,0.2025981185107001
schaefer,7Networks_LH_Vis_26,0.05071122814966988
schaefer,7Networks_LH_Vis_27,0.05634749242680675
schaefer,7Networks_LH_Vis_28,-5.715132690243053e-05
schaefer,7Networks_LH_Vis_29,-0.013928050788468682
schaefer,7Networks_LH_Vis_30,-0.0007311370353832394
schaefer,7Networks_LH_Vis_31,-0.02830562095305697
schaefer,7Networks_LH_SomMot_1,-0.037517010111763255
schaefer,7Networks_LH_SomMot_2,-0.0600081308411792
schaefer,7Networks_LH_SomMot_3,-0.4550637135598735
schaefer,7Networks_LH_SomMot_4,-0.17954648959417935
schaefer,7Networks_LH_SomMot_5,-0.041211462808973545
schaefer,7Networks_LH_SomMot_6,-0.08066007513134267
schaefer,7Networks_LH_SomMot_7,-0.15211385195888774
schaefer,7Networks_LH_SomMot_8,0.004160488699324497
schaefer,7Networks_LH_SomMot_9,-0.2364356642109879
schaefer,7Networks_LH_SomMot_10,-0.13600558856502767
schaefer,7Networks_LH_SomMot_11,-0.006278761864208526
schaefer,7Networks_LH_SomMot_12,0.001978039836578876
schaefer,7Networks_LH_SomMot_13,-0.10199292310068102
schaefer,7Networks_LH_SomMot_14,-0.1554159647410696
schaefer,7Networks_LH_SomMot_15,0.11364296689862385
schaefer,7Networks_LH_SomMot_16,-0.09245266580329738
schaefer,7Networks_LH_SomMot_17,-0.3128818748108808
schaefer,7Networks_LH_SomMot_18,0.1727167595091316
schaefer,7Networks_LH_SomMot_19,0.045084968521093415
schaefer,7Networks_LH_SomMot_20,0.003726277388261809
schaefer,7Networks_LH_SomMot_21,0.05536025679856539
schaefer,7Networks_LH_SomMot_22,-0.3741912460359542
schaefer,7Networks_LH_SomMot_23,-0.38644463959733183
schaefer,7Networks_LH_SomMot_24,0.04342252968897495
schaefer,7Networks_LH_SomMot_25,0.02817289463766291
schaefer,7Networks_LH_SomMot_26,-0.03311094586728736
schaefer,7Networks_LH_SomMot_27,0.016212227559607884
schaefer,7Networks_LH_SomMot_28,0.04858697310382618
schaefer,7Networks_LH_SomMot_29,-0.036330959953495105
schaefer,7Networks_LH_SomMot_30,-0.21724952411216994
schaefer,7Networks_LH_SomMot_31,-0.04666581225778795
schaefer,7Networks_LH_SomMot_32,-0.01961863449995972
schaefer,7Networks_LH_SomMot_33,-0.001524244060827578
schaefer,7Networks_LH_SomMot_34,-0.14616284555191617
schaefer,7Networks_LH_SomMot_35,-0.031225335025430047
schaefer,7Networks_LH_SomMot_36,-0.015423205632292334
schaefer,7Networks_LH_SomMot_37,-0.04080449843789489
schaefer,7Networks_LH_DorsAttn_Post_1,0.035151085836891416
schaefer,7Networks_LH_DorsAttn_Post_2,-0.027665159935894034
schaefer,7Networks_LH_DorsAttn_Post_3,-0.1666271880993944
schaefer,7Networks_LH_DorsAttn_Post_4,0.015735139990744145
schaefer,7Networks_LH_DorsAttn_Post_5,-0.19446477125279377
schaefer,7Networks_LH_DorsAttn_Post_6,-0.3196419741253485
schaefer,7Networks_LH_DorsAttn_Post_7,-0.2983828384071016
schaefer,7Networks_LH_DorsAttn_Post_8,-0.10357600375987115
schaefer,7Networks_LH_DorsAttn_Post_9,-0.3690343748760053
schaefer,7Networks_LH_DorsAttn_Post_10,0.08364063038400338
schaefer,7Networks_LH_DorsAttn_Post_11,-0.12426137895448211
schaefer,7Networks_LH_DorsAttn_Post_12,0.008911588391452214
schaefer,7Networks_LH_DorsAttn_Post_13,-0.005571464312127388
schaefer,7Networks_LH_DorsAttn_Post_14,0.020011873411595535
schaefer,7Networks_LH_DorsAttn_Post_15,-0.012300343560508626
schaefer,7Networks_LH_DorsAttn_Post_16,-0.00018862205856155767
schaefer,7Networks_LH_DorsAttn_Post_17,0.1231944712432622
schaefer,7Networks_LH_DorsAttn_FEF_1,0.14642427463471605
schaefer,7Networks_LH_DorsAttn_FEF_2,0.1792809584089007
schaefer,7Networks_LH_DorsAttn_FEF_3,0.17857537528219908
schaefer,7Networks_LH_DorsAttn_FEF_4,-0.23599724820355492
schaefer,7Networks_LH_DorsAttn_PrCv_1,0.09622793671606934
schaefer,7Networks_LH_DorsAttn_PrCv_2,-0.17816052540980437
schaefer,7Networks_LH_SalVentAttn_ParOper_1,-0.21197972981031593
schaefer,7Networks_LH_SalVentAttn_ParOper_2,-0.04191496045692051
schaefer,7Networks_LH_SalVentAttn_ParOper_3,-0.14910873326282367
schaefer,7Networks_LH_SalVentAttn_ParOper_4,-0.009722163826099155
schaefer,7Networks_LH_SalVentAttn_TempOcc_1,-6.42784981929294e-05
schaefer,7Networks_LH_SalVentAttn_FrOperIns_1,-0.04627977457182515
schaefer,7Networks_LH_SalVentAttn_FrOperIns_2,-0.00017558233638109578
schaefer,7Networks_LH_SalVentAttn_FrOperIns_3,-0.014038987668248844
schaefer,7Networks_LH_SalVentAttn_FrOperIns_4,-0.046269637542770324
schaefer,7Networks_LH_SalVentAttn_FrOperIns_5,-0.11524686643371128
schaefer,7Networks_LH_SalVentAttn_FrOperIns_6,0.030026041497112153
schaefer,7Networks_LH_SalVentAttn_FrOperIns_7,-0.0038862689575773724
schaefer,7Networks_LH_SalVentAttn_FrOperIns_8,-0.07243548239852383
schaefer,7Networks_LH_SalVentAttn_FrOperIns_9,-0.028197983549164824
schaefer,7Networks_LH_SalVentAttn_PFCl_1,-0.41034174948609925
schaefer,7Networks_LH_SalVentAttn_Med_1,-0.03382639545637654
schaefer,7Networks_LH_SalVentAttn_Med_2,0.005339490132602201
schaefer,7Networks_LH_SalVentAttn_Med_3,-0.017706281101718964
schaefer,7Networks_LH_SalVentAttn_Med_4,-0.14963396946238885
schaefer,7Networks_LH_SalVentAttn_Med_5,-0.16692416407603342
schaefer,7Networks_LH_SalVentAttn_Med_6,0.015495454134262456
schaefer,7Networks_LH_SalVentAttn_Med_7,-1.5066370725730397e-06
schaefer,7Networks_LH_Limbic_OFC_1,-1.537177013233304e-06
schaefer,7Networks_LH_Limbic_OFC_2,-1.3595257372256027e-06
schaefer,7Networks_LH_Limbic_OFC_3,-1.4612670372711656e-06
schaefer,7Networks_LH_Limbic_OFC_4,-1.537177013233304e-06
schaefer,7Networks_LH_Limbic_OFC_5,-2.672244807773128e-07
schaefer,7Networks_LH_Limbic_TempPole_1,-3.775522488643203e-07
schaefer,7Networks_LH_Limbic_TempPole_2,-1.372142671321753e-06
schaefer,7Networks_LH_Limbic_TempPole_3,-1.5008136860385377e-06
schaefer,7Networks_LH_Limbic_TempPole_4,-1.537177013233304e-06
schaefer,7Networks_LH_Limbic_TempPole_5,-8.95191282674129e-07
schaefer,7Networks_LH_Limbic_TempPole_6,-1.151991125926583e-06
schaefer,7Networks_LH_Limbic_TempPole_7,2.615242678066486e-06
schaefer,7Networks_LH_Limbic_TempPole_8,-0.04588743851292582
schaefer,7Networks_LH_Cont_Par_1,-0.047023276651006696
schaefer,7Networks_LH_Cont_Par_2,-0.0741576215930979
schaefer,7Networks_LH_Cont_Par_3,-0.11445945757820089
schaefer,7Networks_LH_Cont_Par_4,-0.2108146010505152
schaefer,7Networks_LH_Cont_Par_5,-0.213124592971763
schaefer,7Networks_LH_Cont_Par_6,-1.537177013233304e-06
schaefer,7Networks_LH_Cont_Temp_1,-1.537177013233304e-06
schaefer,7Networks_LH_Cont_OFC_1,-1.537177013233304e-06
schaefer,7Networks_LH_Cont_PFCl_1,-0.00019534806322213017
schaefer,7Networks_LH_Cont_PFCl_2,-1.537177013233304e-06
schaefer,7Networks_LH_Cont_PFCl_3,-1.537177013233304e-06
schaefer,7Networks_LH_Cont_PFCl_4,-0.005047705920106961
schaefer,7Networks_LH_Cont_PFCl_5,-0.07171099342424578
schaefer,7Networks_LH_Cont_PFCl_6,-0.13712933453048623
schaefer,7Networks_LH_Cont_PFCl_7,0.01479633325890342
schaefer,7Networks_LH_Cont_PFCl_8,-1.537177013233304e-06
schaefer,7Networks_LH_Cont_PFCv_1,0.036774216058962764
schaefer,7Networks_LH_Cont_pCun_1,0.014777175673171532
schaefer,7Networks_LH_Cont_pCun_2,0.10470365639775991
schaefer,7Networks_LH_Cont_Cing_1,0.5776071880459785
schaefer,7Networks_LH_Cont_Cing_2,0.2692327301339997
schaefer,7Networks_LH_Cont_PFCmp_1,-1.523074471827494e-06
schaefer,7Networks_LH_Default_Temp_1,-1.537177013233304e-06
schaefer,7Networks_LH_Default_Temp_2,-1.537177013233304e-06
schaefer,7Networks_LH_Default_Temp_3,-1.537177013233304e-06
schaefer,7Networks_LH_Default_Temp_4,7.480268387973152e-05
schaefer,7Networks_LH_Default_Temp_5,-0.01862524937470612
schaefer,7Networks_LH_Default_Temp_6,-0.0028586760415378024
schaefer,7Networks_LH_Default_Temp_7,-1.537177013233304e-06
schaefer,7Networks_LH_Default_Temp_8,-0.01694882121282717
schaefer,7Networks_LH_Default_Temp_9,0.032801095535604646
schaefer,7Networks_LH_Default_Temp_10,-0.043512040815535225
schaefer,7Networks_LH_Default_Par_1,0.012868722958571705
schaefer,7Networks_LH_Default_Par_2,0.02575482539685474
schaefer,7Networks_LH_Default_Par_3,0.09179807890176345
schaefer,7Networks_LH_Default_Par_4,-0.09148364643932722
schaefer,7Networks_LH_Default_Par_5,0.0028051894595789236
schaefer,7Networks_LH_Default_Par_6,0.012969140103809638
schaefer,7Networks_LH_Default_Par_7,-1.537177013233304e-06
schaefer,7Networks_LH_Default_PFC_1,-1.537177013233304e-06
schaefer,7Networks_LH_Default_PFC_2,-1.537177013233304e-06
schaefer,7Networks_LH_Default_PFC_3,-1.537177013233304e-06
schaefer,7Networks_LH_Default_PFC_4,-1.537177013233304e-06
schaefer,7Networks_LH_Default_PFC_5,-1.537177013233304e-06
schaefer,7Networks_LH_Default_PFC_6,-1.537177013233304e-06
schaefer,7Networks_LH_Default_PFC_7,-1.537177013233304e-06
schaefer,7Networks_LH_Default_PFC_8,-6.480343674143502e-05
schaefer,7Networks_LH_Default_PFC_9,-5.65177515633039e-06
schaefer,7Networks_LH_Default_PFC_10,-1.537177013233304e-06
schaefer,7Networks_LH_Default_PFC_11,-0.1242340235395657
schaefer,7Networks_LH_Default_PFC_12,0.07478261992632189
schaefer,7Networks_LH_Default_PFC_13,0.00042150461953083913
schaefer,7Networks_LH_Default_PFC_14,-0.008290337901806777
schaefer,7Networks_LH_Default_PFC_15,-0.134678023958232
schaefer,7Networks_LH_Default_PFC_16,-0.0031510171984896742
schaefer,7Networks_LH_Default_PFC_17,0.00012660649775434688
schaefer,7Networks_LH_Default_PFC_18,-0.053948883397840625
schaefer,7Networks_LH_Default_PFC_19,0.02053469464037105
schaefer,7Networks_LH_Default_PFC_20,-0.007217313218323449
schaefer,7Networks_LH_Default_PFC_21,-0.03425127993421029
schaefer,7Networks_LH_Default_PFC_22,0.028203178589590046
schaefer,7Networks_LH_Default_PFC_23,0.13343541152007282
schaefer,7Networks_LH_Default_PFC_24,0.42653645463680556
schaefer,7Networks_LH_Default_pCunPCC_1,0.8056593838083002
schaefer,7Networks_LH_Default_pCunPCC_2,0.5515954990624847
schaefer,7Networks_LH_Default_pCunPCC_3,0.1795273275543632
schaefer,7Networks_LH_Default_pCunPCC_4,0.419458524891994
schaefer,7Networks_LH_Default_pCunPCC_5,0.6611530074423728
schaefer,7Networks_LH_Default_pCunPCC_6,0.12333234176490336
schaefer,7Networks_LH_Default_pCunPCC_7,0.14143742688485936
schaefer,7Networks_LH_Default_pCunPCC_8,0.605822374353685
schaefer,7Networks_LH_Default_pCunPCC_9,0.06686725815699093
schaefer,7Networks_LH_Default_pCunPCC_10,0.050231028805234376
schaefer,7Networks_LH_Default_pCunPCC_11,-0.017883642078321986
schaefer,7Networks_RH_Vis_1,-0.04459888886417136
schaefer,7Networks_RH_Vis_2,-0.014185930927313576
schaefer,7Networks_RH_Vis_3,-1.7638203875218106e-05
schaefer,7Networks_RH_Vis_4,-0.05292994572079965
schaefer,7Networks_RH_Vis_5,-0.16742964229647528
schaefer,7Networks_RH_Vis_6,-0.011443025101898992
schaefer,7Networks_RH_Vis_7,-0.008216983924787175
schaefer,7Networks_RH_Vis_8,-0.07020582292809104
schaefer,7Networks_RH_Vis_9,-1.537177013233304e-06
schaefer,7Networks_RH_Vis_10,-0.019525792143102124
schaefer,7Networks_RH_Vis_11,0.11905440484674049
schaefer,7Networks_RH_Vis_12,-1.537177013233304e-06
schaefer,7Networks_RH_Vis_13,-0.02974033597871513
schaefer,7Networks_RH_Vis_14,-0.036213580719358436
schaefer,7Networks_RH_Vis_15,-0.27474331269632096
schaefer,7Networks_RH_Vis_16,0.07162763330880112
schaefer,7Networks_RH_Vis_17,-0.03604271237859429
schaefer,7Networks_RH_Vis_18,0.32485877425983994
schaefer,7Networks_RH_Vis_19,-0.03671094921794216
schaefer,7Networks_RH_Vis_20,-1.537177013233304e-06
schaefer,7Networks_RH_Vis_21,-0.055753819639564016
schaefer,7Networks_RH_Vis_22,-0.008036201223366157
schaefer,7Networks_RH_Vis_23,0.15451498948145084
schaefer,7Networks_RH_Vis_24,-0.017232290947185144
schaefer,7Networks_RH_Vis_25,-0.11535498441187553
schaefer,7Networks_RH_Vis_26,0.0555505394383401
schaefer,7Networks_RH_Vis_27,-0.14223796897535199
schaefer,7Networks_RH_Vis_28,-0.0032008537395921315
schaefer,7Networks_RH_Vis_29,0.0005881716176284321
schaefer,7Networks_RH_Vis_30,-0.012683215052026122
schaefer,7Networks_RH_SomMot_1,-0.0005326692320033999
schaefer,7Networks_RH_SomMot_2,-0.04509998213054667
schaefer,7Networks_RH_SomMot_3,-0.3682783759433767
schaefer,7Networks_RH_SomMot_4,-0.6061357207158032
schaefer,7Networks_RH_SomMot_5,-0.4991956202384944
schaefer,7Networks_RH_SomMot_6,-0.059800810146939075
schaefer,7Networks_RH_SomMot_7,-0.01815831648282703
schaefer,7Networks_RH_SomMot_8,-0.522337293154315
schaefer,7Networks_RH_SomMot_9,-0.25269399366504325
schaefer,7Networks_RH_SomMot_10,-0.18382168389057274
schaefer,7Networks_RH_SomMot_11,-0.02420105372081802
schaefer,7Networks_RH_SomMot_12,-0.2983726396196289
schaefer,7Networks_RH_SomMot_13,-0.02645205387941746
schaefer,7Networks_RH_SomMot_14,-1.537177013233304e-06
schaefer,7Networks_RH_SomMot_15,-0.10052425551281165
schaefer,7Networks_RH_SomMot_16,-0.03343766690258318
schaefer,7Networks_RH_SomMot_17,-0.2507245568739299
schaefer,7Networks_RH_SomMot_18,-0.20759715479767432
schaefer,7Networks_RH_SomMot_19,0.23857858567498624
schaefer,7Networks_RH_SomMot_20,-0.05420854929464907
schaefer,7Networks_RH_SomMot_21,-0.034519052999487154
schaefer,7Networks_RH_SomMot_22,0.024445992110607526
schaefer,7Networks_RH_SomMot_23,-0.22930409536517496
schaefer,7Networks_RH_SomMot_24,-0.07377604816822701
schaefer,7Networks_RH_SomMot_25,-0.00963668461857336
schaefer,7Networks_RH_SomMot_26,0.04665768538593215
schaefer,7Networks_RH_SomMot_27,0.04316034631375124
schaefer,7Networks_RH_SomMot_28,-0.14362274488832902
schaefer,7Networks_RH_SomMot_29,-0.17579629700391225
schaefer,7Networks_RH_SomMot_30,0.02915005172410747
schaefer,7Networks_RH_SomMot_31,-0.05149634716914219
schaefer,7Networks_RH_SomMot_32,-0.20343181654257267
schaefer,7Networks_RH_SomMot_33,-0.200774742835969
schaefer,7Networks_RH_SomMot_34,-0.05348593562874677
schaefer,7Networks_RH_SomMot_35,0.019275587570839834
schaefer,7Networks_RH_SomMot_36,-0.002975328895170981
schaefer,7Networks_RH_SomMot_37,0.005576890866832538
schaefer,7Networks_RH_SomMot_38,-0.007877036375545063
schaefer,7Networks_RH_SomMot_39,-0.0008058986137699763
schaefer,7Networks_RH_SomMot_40,0.008313305586818441
schaefer,7Networks_RH_DorsAttn_Post_1,-0.015222047321975941
schaefer,7Networks_RH_DorsAttn_Post_2,-0.16624712505488187
schaefer,7Networks_RH_DorsAttn_Post_3,0.0006895796270904744
schaefer,7Networks_RH_DorsAttn_Post_4,0.138181534665615
schaefer,7Networks_RH_DorsAttn_Post_5,-0.055602485947426616
schaefer,7Networks_RH_DorsAttn_Post_6,-0.0003054976530447874
schaefer,7Networks_RH_DorsAttn_Post_7,-0.057331983463667885
schaefer,7Networks_RH_DorsAttn_Post_8,-0.232605020914151
schaefer,7Networks_RH_DorsAttn_Post_9,-0.04328932386021057
schaefer,7Networks_RH_DorsAttn_Post_10,-0.0758088520597327
schaefer,7Networks_RH_DorsAttn_Post_11,-0.09263312701489707
schaefer,7Networks_RH_DorsAttn_Post_12,0.04843290666883655
schaefer,7Networks_RH_DorsAttn_Post_13,-0.0898271442409877
schaefer,7Networks_RH_DorsAttn_Post_14,-0.04662906748527773
schaefer,7Networks_RH_DorsAttn_Post_15,-0.09019865539954651
schaefer,7Networks_RH_DorsAttn_Post_16,-0.1060410445664541
schaefer,7Networks_RH_DorsAttn_Post_17,-0.010459389334649787
schaefer,7Networks_RH_DorsAttn_Post_18,-0.05496791617056572
schaefer,7Networks_RH_DorsAttn_Post_19,0.10551677917761768
schaefer,7Networks_RH_DorsAttn_FEF_1,-0.07674524744130681
schaefer,7Networks_RH_DorsAttn_FEF_2,0.11438809735791437
schaefer,7Networks_RH_DorsAttn_FEF_3,-0.32924454777699763
schaefer,7Networks_RH_DorsAttn_PrCv_1,-0.1294884822410784
schaefer,7Networks_RH_SalVentAttn_TempOccPar_1,-0.3349896356924374
schaefer,7Networks_RH_SalVentAttn_TempOccPar_2,-0.11710722383043806
schaefer,7Networks_RH_SalVentAttn_TempOccPar_3,-0.2322477349369506
schaefer,7Networks_RH_SalVentAttn_TempOccPar_4,-0.14643737641812044
schaefer,7Networks_RH_SalVentAttn_TempOccPar_5,-0.05837642161010057
schaefer,7Networks_RH_SalVentAttn_TempOccPar_6,-0.07437304096238222
schaefer,7Networks_RH_SalVentAttn_TempOccPar_7,-0.04895107431259864
schaefer,7Networks_RH_SalVentAttn_PrC_1,-0.007033656364031433
schaefer,7Networks_RH_SalVentAttn_FrOperIns_1,-0.09895327109744223
schaefer,7Networks_RH_SalVentAttn_FrOperIns_2,-0.20603056429625288
schaefer,7Networks_RH_SalVentAttn_FrOperIns_3,-0.3359561586870968
schaefer,7Networks_RH_SalVentAttn_FrOperIns_4,0.037896456185613756
schaefer,7Networks_RH_SalVentAttn_FrOperIns_5,-0.16627820050052833
schaefer,7Networks_RH_SalVentAttn_FrOperIns_6,-0.13512708825855305
schaefer,7Networks_RH_SalVentAttn_FrOperIns_7,-0.015098695629261217
schaefer,7Networks_RH_SalVentAttn_FrOperIns_8,-0.012557479851950184
schaefer,7Networks_RH_SalVentAttn_PFCl_1,-0.2661581014032066
schaefer,7Networks_RH_SalVentAttn_Med_1,-0.12334473645186704
schaefer,7Networks_RH_SalVentAttn_Med_2,0.04797244814370631
schaefer,7Networks_RH_SalVentAttn_Med_3,0.44377636469300075
schaefer,7Networks_RH_SalVentAttn_Med_4,-0.20876674272219575
schaefer,7Networks_RH_SalVentAttn_Med_5,0.04485417796838048
schaefer,7Networks_RH_SalVentAttn_Med_6,0.06763117828325624
schaefer,7Networks_RH_SalVentAttn_Med_7,0.016958201398301752
schaefer,7Networks_RH_SalVentAttn_Med_8,-1.5323582765147044e-06
schaefer,7Networks_RH_Limbic_OFC_1,-1.537177013233304e-06
schaefer,7Networks_RH_Limbic_OFC_2,-1.181199178589802e-06
schaefer,7Networks_RH_Limbic_OFC_3,-1.537177013233304e-06
schaefer,7Networks_RH_Limbic_OFC_4,-1.3978858922930694e-06
schaefer,7Networks_RH_Limbic_OFC_5,-1.537177013233304e-06
schaefer,7Networks_RH_Limbic_OFC_6,-4.085887175979328e-07
schaefer,7Networks_RH_Limbic_TempPole_1,-6.788548231030328e-07
schaefer,7Networks_RH_Limbic_TempPole_2,-2.820143874407354e-07
schaefer,7Networks_RH_Limbic_TempPole_3,-1.300688241966642e-06
schaefer,7Networks_RH_Limbic_TempPole_4,-1.0345756118788904e-06
schaefer,7Networks_RH_Limbic_TempPole_5,-1.537177013233304e-06
schaefer,7Networks_RH_Limbic_TempPole_6,-1.537177013233304e-06
schaefer,7Networks_RH_Limbic_TempPole_7,-0.012965141500485737
schaefer,7Networks_RH_Cont_Par_1,-0.060512640326379485
schaefer,7Networks_RH_Cont_Par_2,0.08435189719146192
schaefer,7Networks_RH_Cont_Par_3,-0.0071134370236270415
schaefer,7Networks_RH_Cont_Par_4,-0.14891843033282468
schaefer,7Networks_RH_Cont_Par_5,-0.20231950560233777
schaefer,7Networks_RH_Cont_Par_6,-1.537177013233304e-06
schaefer,7Networks_RH_Cont_Temp_1,-1.537177013233304e-06
schaefer,7Networks_RH_Cont_Temp_2,-0.0016949671845858968
schaefer,7Networks_RH_Cont_PFCv_1,-1.537177013233304e-06
schaefer,7Networks_RH_Cont_PFCl_1,-1.537177013233304e-06
schaefer,7Networks_RH_Cont_PFCl_2,-1.537177013233304e-06
schaefer,7Networks_RH_Cont_PFCl_3,-1.537177013233304e-06
schaefer,7Networks_RH_Cont_PFCl_4,0.0009982991221972853
schaefer,7Networks_RH_Cont_PFCl_5,-0.04883449415684776
schaefer,7Networks_RH_Cont_PFCl_6,-0.2063981073436947
schaefer,7Networks_RH_Cont_PFCl_7,0.0015195354245760952
schaefer,7Networks_RH_Cont_PFCl_8,-0.02893452611697614
schaefer,7Networks_RH_Cont_PFCl_9,-0.18380329308829027
schaefer,7Networks_RH_Cont_PFCl_10,-0.033527239887195054
schaefer,7Networks_RH_Cont_PFCl_11,-0.008645276406825173
schaefer,7Networks_RH_Cont_PFCl_12,0.0806996044927489
schaefer,7Networks_RH_Cont_PFCl_13,-0.01908368625322892
schaefer,7Networks_RH_Cont_PFCl_14,0.06773262005623798
schaefer,7Networks_RH_Cont_PFCl_15,0.0024702718666272635
schaefer,7Networks_RH_Cont_pCun_1,-0.2020048987589877
schaefer,7Networks_RH_Cont_pCun_2,0.4669477207943389
schaefer,7Networks_RH_Cont_Cing_1,0.4940459109586841
schaefer,7Networks_RH_Cont_Cing_2,-0.15824996719506623
schaefer,7Networks_RH_Cont_PFCmp_1,0.13960351694161996
schaefer,7Networks_RH_Cont_PFCmp_2,-0.26755661313246737
schaefer,7Networks_RH_Default_Par_1,0.01780694091236503
schaefer,7Networks_RH_Default_Par_2,-0.11641244058696568
schaefer,7Networks_RH_Default_Par_3,-0.33569262300590114
schaefer,7Networks_RH_Default_Par_4,0.04213424654626702
schaefer,7Networks_RH_Default_Par_5,-1.0879316185207539e-06
schaefer,7Networks_RH_Default_Temp_1,-1.537177013233304e-06
schaefer,7Networks_RH_Default_Temp_2,-1.537177013233304e-06
schaefer,7Networks_RH_Default_Temp_3,-1.537177013233304e-06
schaefer,7Networks_RH_Default_Temp_4,-1.537177013233304e-06
schaefer,7Networks_RH_Default_Temp_5,-0.001986446186260967
schaefer,7Networks_RH_Default_Temp_6,-0.0022015417458588313
schaefer,7Networks_RH_Default_Temp_7,-0.34506545033703634
schaefer,7Networks_RH_Default_Temp_8,-1.537177013233304e-06
schaefer,7Networks_RH_Default_PFCv_1,-1.537177013233304e-06
schaefer,7Networks_RH_Default_PFCv_2,-1.537177013233304e-06
schaefer,7Networks_RH_Default_PFCv_3,-1.537177013233304e-06
schaefer,7Networks_RH_Default_PFCv_4,-1.537177013233304e-06
schaefer,7Networks_RH_Default_PFCdPFCm_1,-1.537177013233304e-06
schaefer,7Networks_RH_Default_PFCdPFCm_2,-0.01732161311866505
schaefer,7Networks_RH_Default_PFCdPFCm_3,-0.031327015211796434
schaefer,7Networks_RH_Default_PFCdPFCm_4,-1.537177013233304e-06
schaefer,7Networks_RH_Default_PFCdPFCm_5,-0.09977031199974963
schaefer,7Networks_RH_Default_PFCdPFCm_6,-0.01337192223313635
schaefer,7Networks_RH_Default_PFCdPFCm_7,0.06493817488720638
schaefer,7Networks_RH_Default_PFCdPFCm_8,0.04604607479407887
schaefer,7Networks_RH_Default_PFCdPFCm_9,-0.11151366245740686
schaefer,7Networks_RH_Default_PFCdPFCm_10,0.0021949608016024642
schaefer,7Networks_RH_Default_PFCdPFCm_11,-0.12066367770577138
schaefer,7Networks_RH_Default_PFCdPFCm_12,0.03526876189267879
schaefer,7Networks_RH_Default_PFCdPFCm_13,0.2835868891195401
schaefer,7Networks_RH_Default_pCunPCC_1,0.21350109738913098
schaefer,7Networks_RH_Default_pCunPCC_2,0.5566996654813897
schaefer,7Networks_RH_Default_pCunPCC_3,0.5473346926431221
schaefer,7Networks_RH_Default_pCunPCC_4,0.6536709147202241
schaefer,7Networks_RH_Default_pCunPCC_5,0.02059743904155714
schaefer,7Networks_RH_Default_pCunPCC_6,0.41594889087376513
schaefer,7Networks_RH_Default_pCunPCC_7,0.19239179464334266
schaefer,7Networks_RH_Default_pCunPCC_8,-0.273535233480794
