Subject,Task,Network,Value
sub-01,rest,Visual,0.1386137967978203
sub-01,rest,Somatomotor,0.12903770357898256
sub-01,rest,DorsalAttention,0.13474242419284388
sub-01,rest,VentralAttention,0.13823185328021909
sub-01,rest,Limbic,1.1496545151366426e-06
sub-01,rest,Frontoparietal,0.09037537443080886
sub-01,rest,Default,0.09008330388737135
sub-02,rest,Visual,0.18164127190310572
sub-02,rest,Somatomotor,0.1403145477266527
sub-02,rest,DorsalAttention,0.13408296583142834
sub-02,rest,VentralAttention,0.22137459373113733
sub-02,rest,Limbic,0.0451435506661997
sub-02,rest,Frontoparietal,0.128968749011725
sub-02,rest,Default,0.1355934144582176
sub-03,rest,Visual,0.11993771501054237
sub-03,rest,Somatomotor,0.16627389110965313
sub-03,rest,DorsalAttention,0.15195071979142855
sub-03,rest,VentralAttention,0.20087283092898628
sub-03,rest,Limbic,0.0001402590520148974
sub-03,rest,Frontoparietal,0.14614831418723198
sub-03,rest,Default,0.11318064449076166
sub-04,rest,Visual,0.11248536664897131
sub-04,rest,Somatomotor,0.1709602223018432
sub-04,rest,DorsalAttention,0.14949190798973913
sub-04,rest,VentralAttention,0.14819249004116752
sub-04,rest,Limbic,6.757488073011685e-07
sub-04,rest,Frontoparietal,0.1040169293362881
sub-04,rest,Default,0.08803397076240577
sub-05,rest,Visual,0.17916127655367325
sub-05,rest,Somatomotor,0.17025823320139793
sub-05,rest,DorsalAttention,0.1816424125687976
sub-05,rest,VentralAttention,0.11074829241331843
sub-05,rest,Limbic,1.5385190824242242e-07
sub-05,rest,Frontoparietal,0.09550740682743096
sub-05,rest,Default,0.08665156081413618
sub-06,rest,Visual,0.1460732674855287
sub-06,rest,Somatomotor,0.18845843194833795
sub-06,rest,DorsalAttention,0.18337440168495178
sub-06,rest,VentralAttention,0.1843489264113223
sub-06,rest,Limbic,6.444515449986506e-06
sub-06,rest,Frontoparietal,0.12342334245393757
sub-06,rest,Default,0.09586340627483744
sub-07,rest,Visual,0.1450609751636405
sub-07,rest,Somatomotor,0.15136249351168957
sub-07,rest,DorsalAttention,0.16525968827507043
sub-07,rest,VentralAttention,0.09592749628801428
sub-07,rest,Limbic,5.648044548780977e-08
sub-07,rest,Frontoparietal,0.07314336879862696
sub-07,rest,Default,0.07677429820672665
sub-08,rest,Visual,0.19086972933005544
sub-08,rest,Somatomotor,0.16205979545480073
sub-08,rest,DorsalAttention,0.1386303024148599
sub-08,rest,VentralAttention,0.21360939113500838
sub-08,rest,Limbic,0.0001152181947226375
sub-08,rest,Frontoparietal,0.14785416724981768
sub-08,rest,Default,0.13247333741208409
sub-09,rest,Visual,0.24785254885445562
sub-09,rest,Somatomotor,0.18680595051955307
sub-09,rest,DorsalAttention,0.17080388245121392
sub-09,rest,VentralAttention,0.28287178985195405
sub-09,rest,Limbic,0.03624027762703712
sub-09,rest,Frontoparietal,0.19416725592955283
sub-09,rest,Default,0.21461930892070807
sub-10,rest,Visual,0.1240004699978563
sub-10,rest,Somatomotor,0.11727938219888978
sub-10,rest,DorsalAttention,0.13627606859824024
sub-10,rest,VentralAttention,0.0853600933491164
sub-10,rest,Limbic,1.0771364954946189e-07
sub-10,rest,Frontoparietal,0.0596102862140941
sub-10,rest,Default,0.06029185688680113
sub-11,rest,Visual,0.12110116896164975
sub-11,rest,Somatomotor,0.15830398704717522
sub-11,rest,DorsalAttention,0.14530283001365474
sub-11,rest,VentralAttention,0.15653088185858352
sub-11,rest,Limbic,1.987518353701945e-06
sub-11,rest,Frontoparietal,0.10673043269173724
sub-11,rest,Default,0.08081206935088704
sub-12,rest,Visual,0.14209095301062458
sub-12,rest,Somatomotor,0.14576956620876852
sub-12,rest,DorsalAttention,0.16110047580919337
sub-12,rest,VentralAttention,0.12986947575168906
sub-12,rest,Limbic,5.926391137156122e-07
sub-12,rest,Frontoparietal,0.0992239740912588
sub-12,rest,Default,0.08773566147208854
sub-13,rest,Visual,0.08916720826196176
sub-13,rest,Somatomotor,0.12076356712159982
sub-13,rest,DorsalAttention,0.11879563914418316
sub-13,rest,VentralAttention,0.16052071115434458
sub-13,rest,Limbic,4.170531872538939e-07
sub-13,rest,Frontoparietal,0.11357616531089479
sub-13,rest,Default,0.08250778034312856
sub-14,rest,Visual,0.18224096505363074
sub-14,rest,Somatomotor,0.14111715397361338
sub-14,rest,DorsalAttention,0.15329897300150272
sub-14,rest,VentralAttention,0.18866053691703216
sub-14,rest,Limbic,0.04411306436480288
sub-14,rest,Frontoparietal,0.12756868008322314
sub-14,rest,Default,0.1512294883518237
sub-15,rest,Visual,0.14654002939921806
sub-15,rest,Somatomotor,0.13952686358883845
sub-15,rest,DorsalAttention,0.14317046431488845
sub-15,rest,VentralAttention,0.09680677273135166
sub-15,rest,Limbic,4.2435036524729316e-05
sub-15,rest,Frontoparietal,0.05974901455672786
sub-15,rest,Default,0.06260125242343248
sub-16,rest,Visual,0.09907234793593085
sub-16,rest,Somatomotor,0.1445875464957494
sub-16,rest,DorsalAttention,0.14499752827285534
sub-16,rest,VentralAttention,0.10934862642218826
sub-16,rest,Limbic,4.898272880899149e-06
sub-16,rest,Frontoparietal,0.09471520140118675
sub-16,rest,Default,0.07548957165478512
sub-17,rest,Visual,0.14004451427627224
sub-17,rest,Somatomotor,0.09996926410103323
sub-17,rest,DorsalAttention,0.07641249053186258
sub-17,rest,VentralAttention,0.17185985053451372
sub-17,rest,Limbic,0.0027708406994251897
sub-17,rest,Frontoparietal,0.08359911470814171
sub-17,rest,Default,0.11087339004687875
sub-18,rest,Visual,0.11867626894215622
sub-18,rest,Somatomotor,0.1168157469363645
sub-18,rest,DorsalAttention,0.11742937536537881
sub-18,rest,VentralAttention,0.12352618165863198
sub-18,rest,Limbic,3.6137369571451585e-06
sub-18,rest,Frontoparietal,0.08013934252031542
sub-18,rest,Default,0.06498165292695943
sub-19,rest,Visual,0.14036348049993655
sub-19,rest,Somatomotor,0.12691101161859766
sub-19,rest,DorsalAttention,0.13128817662876052
sub-19,rest,VentralAttention,0.09324196166765662
sub-19,rest,Limbic,2.1105381026457552e-08
sub-19,rest,Frontoparietal,0.06969150172259128
sub-19,rest,Default,0.06731819071260871
sub-20,rest,Visual,0.12193640804798285
sub-20,rest,Somatomotor,0.12265779878943724
sub-20,rest,DorsalAttention,0.12083275172770773
sub-20,rest,VentralAttention,0.10158130299002537
sub-20,rest,Limbic,1.5454456088186146e-07
sub-20,rest,Frontoparietal,0.06966182021486375
sub-20,rest,Default,0.06721805659620053
sub-21,rest,Visual,0.16055054048810236
sub-21,rest,Somatomotor,0.12647723921899323
sub-21,rest,DorsalAttention,0.13248954782841058
sub-21,rest,VentralAttention,0.16372796202106746
sub-21,rest,Limbic,4.31755629172014e-07
sub-21,rest,Frontoparietal,0.09608259915916473
sub-21,rest,Default,0.0827351415292265
sub-22,rest,Visual,0.08595267708397036
sub-22,rest,Somatomotor,0.13209451361793847
sub-22,rest,DorsalAttention,0.10306345675510893
sub-22,rest,VentralAttention,0.11976948661374949
sub-22,rest,Limbic,9.804531693330074e-07
sub-22,rest,Frontoparietal,0.07999985558725105
sub-22,rest,Default,0.06404725615248522
sub-23,rest,Visual,0.21642750125422378
sub-23,rest,Somatomotor,0.10992553892269477
sub-23,rest,DorsalAttention,0.09515295040903074
sub-23,rest,VentralAttention,0.18148157379832253
sub-23,rest,Limbic,0.08903661732082233
sub-23,rest,Frontoparietal,0.08953063564945657
sub-23,rest,Default,0.13647826501388918
sub-24,rest,Visual,0.1748820293709789
sub-24,rest,Somatomotor,0.14768702789902757
sub-24,rest,DorsalAttention,0.14654941394393722
sub-24,rest,VentralAttention,0.1964787653869464
sub-24,rest,Limbic,0.029995798696082578
sub-24,rest,Frontoparietal,0.16690492278643126
sub-24,rest,Default,0.1836316134859499
sub-25,rest,Visual,0.20160988526253978
sub-25,rest,Somatomotor,0.208547393067384
sub-25,rest,DorsalAttention,0.20506723590748738
sub-25,rest,VentralAttention,0.22468952182380025
sub-25,rest,Limbic,0.051174668260018485
sub-25,rest,Frontoparietal,0.21190912218979321
sub-25,rest,Default,0.1799423616576516
sub-26,rest,Visual,0.1653983410687955
sub-26,rest,Somatomotor,0.1870650218200265
sub-26,rest,DorsalAttention,0.18577084096156782
sub-26,rest,VentralAttention,0.17726695007277932
sub-26,rest,Limbic,4.84202788986096e-07
sub-26,rest,Frontoparietal,0.12899623408232525
sub-26,rest,Default,0.10805901983322994
sub-27,rest,Visual,0.17282392053761111
sub-27,rest,Somatomotor,0.13264089183719383
sub-27,rest,DorsalAttention,0.12591921101256714
sub-27,rest,VentralAttention,0.24891721002290806
sub-27,rest,Limbic,0.085360911398177
sub-27,rest,Frontoparietal,0.1332126708580842
sub-27,rest,Default,0.18280992392544732
sub-28,rest,Visual,0.11565658953361932
sub-28,rest,Somatomotor,0.130370386426433
sub-28,rest,DorsalAttention,0.12494142291528916
sub-28,rest,VentralAttention,0.12102276618303875
sub-28,rest,Limbic,2.1795685000389296e-06
sub-28,rest,Frontoparietal,0.08382614291008483
sub-28,rest,Default,0.07513445930059817
sub-29,rest,Visual,0.12161002490768513
sub-29,rest,Somatomotor,0.11894607286470246
sub-29,rest,DorsalAttention,0.09581597109105768
sub-29,rest,VentralAttention,0.18609351032103666
sub-29,rest,Limbic,0.018081162451831473
sub-29,rest,Frontoparietal,0.11334945948693986
sub-29,rest,Default,0.127445261787073
sub-30,rest,Visual,0.15166957237314752
sub-30,rest,Somatomotor,0.14244105422201722
sub-30,rest,DorsalAttention,0.13384489942837527
sub-30,rest,VentralAttention,0.20371127180356768
sub-30,rest,Limbic,0.00015372254271265055
sub-30,rest,Frontoparietal,0.11301500755042884
sub-30,rest,Default,0.1243073545296984
sub-31,rest,Visual,0.09495329821897258
sub-31,rest,Somatomotor,0.13521470842160097
sub-31,rest,DorsalAttention,0.11272894684925445
sub-31,rest,VentralAttention,0.16731078553894907
sub-31,rest,Limbic,9.329458845271092e-05
sub-31,rest,Frontoparietal,0.08882891307211775
sub-31,rest,Default,0.07889842446402326
sub-32,rest,Visual,0.12077555825605994
sub-32,rest,Somatomotor,0.14714175520865624
sub-32,rest,DorsalAttention,0.15486657764711562
sub-32,rest,VentralAttention,0.11926537364435834
sub-32,rest,Limbic,1.164983081972291e-09
sub-32,rest,Frontoparietal,0.10741299843955261
sub-32,rest,Default,0.08886362266286055
sub-33,rest,Visual,0.1548779399482606
sub-33,rest,Somatomotor,0.15863017023813436
sub-33,rest,DorsalAttention,0.12707368741084862
sub-33,rest,VentralAttention,0.2308001973977584
sub-33,rest,Limbic,0.00027477373120001023
sub-33,rest,Frontoparietal,0.12056385588246325
sub-33,rest,Default,0.12243543407195774
sub-34,rest,Visual,0.18617474081614202
sub-34,rest,Somatomotor,0.14203816808198577
sub-34,rest,DorsalAttention,0.15570793835545313
sub-34,rest,VentralAttention,0.12474861863000275
sub-34,rest,Limbic,3.7210477478792525e-07
sub-34,rest,Frontoparietal,0.10158922629792413
sub-34,rest,Default,0.09812690217120204
sub-35,rest,Visual,0.09822243702871425
sub-35,rest,Somatomotor,0.10361891282237674
sub-35,rest,DorsalAttention,0.09730981374043202
sub-35,rest,VentralAttention,0.08114660083469519
sub-35,rest,Limbic,3.53467041686096e-07
sub-35,rest,Frontoparietal,0.06405355406105298
sub-35,rest,Default,0.05954698481101699
sub-36,rest,Visual,0.1930161459386706
sub-36,rest,Somatomotor,0.23405711792636708
sub-36,rest,DorsalAttention,0.22922736032574656
sub-36,rest,VentralAttention,0.27177875454500683
sub-36,rest,Limbic,3.268677662237217e-06
sub-36,rest,Frontoparietal,0.1852549793847093
sub-36,rest,Default,0.1486546515163462
sub-37,rest,Visual,0.13086380836810602
sub-37,rest,Somatomotor,0.15714599698620685
sub-37,rest,DorsalAttention,0.160079750614676
sub-37,rest,VentralAttention,0.12796173480839984
sub-37,rest,Limbic,3.6782964465105193e-07
sub-37,rest,Frontoparietal,0.08525916125756287
sub-37,rest,Default,0.08001924014568151
sub-38,rest,Visual,0.14248308368627174
sub-38,rest,Somatomotor,0.14223453661719673
sub-38,rest,DorsalAttention,0.14965414580638714
sub-38,rest,VentralAttention,0.13146089088877735
sub-38,rest,Limbic,2.9442032996809975e-06
sub-38,rest,Frontoparietal,0.0957315646739201
sub-38,rest,Default,0.08150526588004438
sub-39,rest,Visual,0.12137298138118027
sub-39,rest,Somatomotor,0.09795288793377628
sub-39,rest,DorsalAttention,0.11300346412352658
sub-39,rest,VentralAttention,0.1173132243538452
sub-39,rest,Limbic,8.003078170922834e-05
sub-39,rest,Frontoparietal,0.08201905786232036
sub-39,rest,Default,0.06087437824069201
sub-40,rest,Visual,0.18516865172886843
sub-40,rest,Somatomotor,0.20651783594725673
sub-40,rest,DorsalAttention,0.15367468414086288
sub-40,rest,VentralAttention,0.24796612681348046
sub-40,rest,Limbic,0.00017340849210666342
sub-40,rest,Frontoparietal,0.12528427774072567
sub-40,rest,Default,0.11363990005876996
sub-01,fe,Visual,0.17134175347854752
sub-01,fe,Somatomotor,0.15974081683222835
sub-01,fe,DorsalAttention,0.16399556940948593
sub-01,fe,VentralAttention,0.2030752569553413
sub-01,fe,Limbic,0.0001103624586569172
sub-01,fe,Frontoparietal,0.1234711723830332
sub-01,fe,Default,0.14944154122057424
sub-02,fe,Visual,0.2347270869532811
sub-02,fe,Somatomotor,0.1786714424491585
sub-02,fe,DorsalAttention,0.17094502546031246
sub-02,fe,VentralAttention,0.20330135537383143
sub-02,fe,Limbic,0.0005740475086316932
sub-02,fe,Frontoparietal,0.13139759836801343
sub-02,fe,Default,0.12817684108077299
sub-03,fe,Visual,0.17322995997799023
sub-03,fe,Somatomotor,0.2352892177608127
sub-03,fe,DorsalAttention,0.21410883979519038
sub-03,fe,VentralAttention,0.31630820531972853
sub-03,fe,Limbic,0.008057203921382008
sub-03,fe,Frontoparietal,0.20426687516657277
sub-03,fe,Default,0.2031995999046606
sub-04,fe,Visual,0.12291544592206154
sub-04,fe,Somatomotor,0.1778677301538439
sub-04,fe,DorsalAttention,0.14367078787685592
sub-04,fe,VentralAttention,0.19448831531360314
sub-04,fe,Limbic,1.0973673602278184e-06
sub-04,fe,Frontoparietal,0.11447052170904345
sub-04,fe,Default,0.08889546802176343
sub-05,fe,Visual,0.13732254949073475
sub-05,fe,Somatomotor,0.04874315341610625
sub-05,fe,DorsalAttention,0.04056879304680734
sub-05,fe,VentralAttention,0.08811570904388266
sub-05,fe,Limbic,0.01091870561460764
sub-05,fe,Frontoparietal,0.028157369375280804
sub-05,fe,Default,0.04729072240099361
sub-06,fe,Visual,0.17982350858723825
sub-06,fe,Somatomotor,0.19202331710417164
sub-06,fe,DorsalAttention,0.16541549321467017
sub-06,fe,VentralAttention,0.2281570464470577
sub-06,fe,Limbic,1.5326192800381944e-05
sub-06,fe,Frontoparietal,0.1276315318546696
sub-06,fe,Default,0.11650907422731238
sub-07,fe,Visual,0.11370789730094433
sub-07,fe,Somatomotor,0.13939904863370325
sub-07,fe,DorsalAttention,0.11662449434398503
sub-07,fe,VentralAttention,0.08871408177559395
sub-07,fe,Limbic,2.48538192922629e-10
sub-07,fe,Frontoparietal,0.0576695396049952
sub-07,fe,Default,0.06833973308977102
sub-08,fe,Visual,0.11263089271473288
sub-08,fe,Somatomotor,0.13526304819674967
sub-08,fe,DorsalAttention,0.1549360120937927
sub-08,fe,VentralAttention,0.15267552346626762
sub-08,fe,Limbic,1.4171197907528939e-06
sub-08,fe,Frontoparietal,0.11999933500983943
sub-08,fe,Default,0.0832609594135798
sub-09,fe,Visual,0.18481435235070948
sub-09,fe,Somatomotor,0.2615375264225582
sub-09,fe,DorsalAttention,0.18396659287652478
sub-09,fe,VentralAttention,0.24690323782301773
sub-09,fe,Limbic,0.02571125185450986
sub-09,fe,Frontoparietal,0.18566871404762053
sub-09,fe,Default,0.18108321645648495
sub-10,fe,Visual,0.13448195583544775
sub-10,fe,Somatomotor,0.1457417360694604
sub-10,fe,DorsalAttention,0.15856861539740522
sub-10,fe,VentralAttention,0.10853424685187911
sub-10,fe,Limbic,1.5618977039882068e-07
sub-10,fe,Frontoparietal,0.08185701425917279
sub-10,fe,Default,0.07745472405791223
sub-11,fe,Visual,0.127335708149837
sub-11,fe,Somatomotor,0.1326852111999863
sub-11,fe,DorsalAttention,0.13575968411588282
sub-11,fe,VentralAttention,0.16623557427552388
sub-11,fe,Limbic,2.604972031069099e-07
sub-11,fe,Frontoparietal,0.11121172771875827
sub-11,fe,Default,0.09996813164546112
sub-12,fe,Visual,0.15051997564584768
sub-12,fe,Somatomotor,0.16147073101240622
sub-12,fe,DorsalAttention,0.16000236833931988
sub-12,fe,VentralAttention,0.13899125336154367
sub-12,fe,Limbic,3.1311237881500253e-07
sub-12,fe,Frontoparietal,0.10437412002367807
sub-12,fe,Default,0.09203195241243026
sub-13,fe,Visual,0.11593214426840856
sub-13,fe,Somatomotor,0.11820769004735965
sub-13,fe,DorsalAttention,0.12167221837089795
sub-13,fe,VentralAttention,0.140173255086192
sub-13,fe,Limbic,2.564568461374744e-06
sub-13,fe,Frontoparietal,0.09611130144475406
sub-13,fe,Default,0.0838587479201646
sub-14,fe,Visual,0.11593396137783449
sub-14,fe,Somatomotor,0.16267209221364654
sub-14,fe,DorsalAttention,0.14201433596725072
sub-14,fe,VentralAttention,0.1579999858430111
sub-14,fe,Limbic,3.2958343350317616e-06
sub-14,fe,Frontoparietal,0.09656897864629692
sub-14,fe,Default,0.0845078182871093
sub-15,fe,Visual,0.16101787065144474
sub-15,fe,Somatomotor,0.15661652614720017
sub-15,fe,DorsalAttention,0.14109396277726088
sub-15,fe,VentralAttention,0.11860804828473896
sub-15,fe,Limbic,9.983814641517298e-05
sub-15,fe,Frontoparietal,0.07588885343422677
sub-15,fe,Default,0.0864808904266911
sub-16,fe,Visual,0.2611833238726547
sub-16,fe,Somatomotor,0.19294896236837403
sub-16,fe,DorsalAttention,0.21931531356053155
sub-16,fe,VentralAttention,0.2563727134804131
sub-16,fe,Limbic,0.1352551285239402
sub-16,fe,Frontoparietal,0.21379164333974363
sub-16,fe,Default,0.2125974814659239
sub-17,fe,Visual,0.11342943493344977
sub-17,fe,Somatomotor,0.13643154074226088
sub-17,fe,DorsalAttention,0.11187750892579088
sub-17,fe,VentralAttention,0.14810266671887132
sub-17,fe,Limbic,9.840488502959173e-07
sub-17,fe,Frontoparietal,0.082695690419984
sub-17,fe,Default,0.09242167639454399
sub-18,fe,Visual,0.11822027806331803
sub-18,fe,Somatomotor,0.13229752290870261
sub-18,fe,DorsalAttention,0.12238366975145606
sub-18,fe,VentralAttention,0.1391122071828556
sub-18,fe,Limbic,1.0436957935456065e-06
sub-18,fe,Frontoparietal,0.0829638192977088
sub-18,fe,Default,0.08233762589151929
sub-19,fe,Visual,0.1888011349511544
sub-19,fe,Somatomotor,0.17153357475891243
sub-19,fe,DorsalAttention,0.16597164058376024
sub-19,fe,VentralAttention,0.1262256449159896
sub-19,fe,Limbic,1.0326711758645368e-09
sub-19,fe,Frontoparietal,0.09720218338229886
sub-19,fe,Default,0.09719636170276848
sub-20,fe,Visual,0.14434480548883974
sub-20,fe,Somatomotor,0.1212806866070724
sub-20,fe,DorsalAttention,0.12062253270087002
sub-20,fe,VentralAttention,0.07924088467976553
sub-20,fe,Limbic,6.4903028993944355e-09
sub-20,fe,Frontoparietal,0.056152568861394705
sub-20,fe,Default,0.06301987295391359
sub-21,fe,Visual,0.23939122306537217
sub-21,fe,Somatomotor,0.1740840711427868
sub-21,fe,DorsalAttention,0.17880192794359528
sub-21,fe,VentralAttention,0.18604694125834148
sub-21,fe,Limbic,5.857755120358027e-07
sub-21,fe,Frontoparietal,0.12140024293485438
sub-21,fe,Default,0.09358786510521463
sub-22,fe,Visual,0.14053620713098164
sub-22,fe,Somatomotor,0.2397772179640251
sub-22,fe,DorsalAttention,0.15177365141762275
sub-22,fe,VentralAttention,0.2110770985055282
sub-22,fe,Limbic,0.00033170771207326427
sub-22,fe,Frontoparietal,0.12239256816264543
sub-22,fe,Default,0.10545877747463137
sub-23,fe,Visual,0.17318337062209427
sub-23,fe,Somatomotor,0.1356683552278674
sub-23,fe,DorsalAttention,0.1220229495816569
sub-23,fe,VentralAttention,0.18336092019026337
sub-23,fe,Limbic,8.066219073501943e-05
sub-23,fe,Frontoparietal,0.10944390637180504
sub-23,fe,Default,0.11503972149386395
sub-24,fe,Visual,0.1698924327435915
sub-24,fe,Somatomotor,0.1792920234698579
sub-24,fe,DorsalAttention,0.15750738791343882
sub-24,fe,VentralAttention,0.24258140056961214
sub-24,fe,Limbic,0.052346347802557494
sub-24,fe,Frontoparietal,0.18908341854809746
sub-24,fe,Default,0.17473063743680134
sub-25,fe,Visual,0.2511844777954205
sub-25,fe,Somatomotor,0.24557823573391496
sub-25,fe,DorsalAttention,0.23134524318803118
sub-25,fe,VentralAttention,0.28200298554802017
sub-25,fe,Limbic,0.10190308180818657
sub-25,fe,Frontoparietal,0.24947025396939365
sub-25,fe,Default,0.22475605737225046
sub-26,fe,Visual,0.1325039989838713
sub-26,fe,Somatomotor,0.136545754838963
sub-26,fe,DorsalAttention,0.11665718153369264
sub-26,fe,VentralAttention,0.1972263072560895
sub-26,fe,Limbic,0.009243855497953698
sub-26,fe,Frontoparietal,0.10121041873435918
sub-26,fe,Default,0.11714570264408719
sub-27,fe,Visual,0.1527483124870214
sub-27,fe,Somatomotor,0.11846614905158345
sub-27,fe,DorsalAttention,0.09799412017211337
sub-27,fe,VentralAttention,0.18260130994990603
sub-27,fe,Limbic,0.07591849920358934
sub-27,fe,Frontoparietal,0.08639359521453398
sub-27,fe,Default,0.128501443595252
sub-28,fe,Visual,0.19802144115634274
sub-28,fe,Somatomotor,0.15360673254146265
sub-28,fe,DorsalAttention,0.1558025731055324
sub-28,fe,VentralAttention,0.20743756604499514
sub-28,fe,Limbic,0.00010104623521057401
sub-28,fe,Frontoparietal,0.12149288534454827
sub-28,fe,Default,0.13724246181979133
sub-29,fe,Visual,0.17398983026687717
sub-29,fe,Somatomotor,0.14028850044094757
sub-29,fe,DorsalAttention,0.12484799769070862
sub-29,fe,VentralAttention,0.2147943956711978
sub-29,fe,Limbic,0.021741378599970013
sub-29,fe,Frontoparietal,0.13752375997660288
sub-29,fe,Default,0.14472149770818166
sub-30,fe,Visual,0.20486244999874428
sub-30,fe,Somatomotor,0.18315059574149178
sub-30,fe,DorsalAttention,0.18018978832846816
sub-30,fe,VentralAttention,0.26786879940734665
sub-30,fe,Limbic,0.03652356768980503
sub-30,fe,Frontoparietal,0.17242088480295797
sub-30,fe,Default,0.1812680752679428
sub-31,fe,Visual,0.16450984800978347
sub-31,fe,Somatomotor,0.1609440897049788
sub-31,fe,DorsalAttention,0.13151481127700831
sub-31,fe,VentralAttention,0.22468731195524816
sub-31,fe,Limbic,0.016848663671687945
sub-31,fe,Frontoparietal,0.10496832869575534
sub-31,fe,Default,0.1319404011617507
sub-32,fe,Visual,0.15739950623311877
sub-32,fe,Somatomotor,0.19225769243918783
sub-32,fe,DorsalAttention,0.20399009308936705
sub-32,fe,VentralAttention,0.11598923717096746
sub-32,fe,Limbic,0.0
sub-32,fe,Frontoparietal,0.10464640489119333
sub-32,fe,Default,0.10117785876584877
sub-33,fe,Visual,0.18067110653416843
sub-33,fe,Somatomotor,0.16013928025895058
sub-33,fe,DorsalAttention,0.1548862195782273
sub-33,fe,VentralAttention,0.21891442424105537
sub-33,fe,Limbic,0.000626966775201375
sub-33,fe,Frontoparietal,0.13428506904129342
sub-33,fe,Default,0.17318786032468317
sub-34,fe,Visual,0.14947940932767345
sub-34,fe,Somatomotor,0.14291053569985457
sub-34,fe,DorsalAttention,0.16379592139730742
sub-34,fe,VentralAttention,0.13541911839776982
sub-34,fe,Limbic,4.320828103407703e-07
sub-34,fe,Frontoparietal,0.100631101854009
sub-34,fe,Default,0.09571594100479461
sub-35,fe,Visual,0.12099481553597155
sub-35,fe,Somatomotor,0.13511088299375157
sub-35,fe,DorsalAttention,0.13275876395673158
sub-35,fe,VentralAttention,0.12511780581427506
sub-35,fe,Limbic,3.2450890681432382e-09
sub-35,fe,Frontoparietal,0.09200021175973602
sub-35,fe,Default,0.0836591640293082
sub-36,fe,Visual,0.17028473993281018
sub-36,fe,Somatomotor,0.18214643176457435
sub-36,fe,DorsalAttention,0.18621153938454207
sub-36,fe,VentralAttention,0.2648452623473868
sub-36,fe,Limbic,0.031737393352868334
sub-36,fe,Frontoparietal,0.22242471834629476
sub-36,fe,Default,0.1919267784668392
sub-37,fe,Visual,0.16571502018615303
sub-37,fe,Somatomotor,0.20216714248738912
sub-37,fe,DorsalAttention,0.19167065264186406
sub-37,fe,VentralAttention,0.15370983141865419
sub-37,fe,Limbic,3.381434855385008e-08
sub-37,fe,Frontoparietal,0.1113770394369219
sub-37,fe,Default,0.12445710411117968
sub-38,fe,Visual,0.16901876518325343
sub-38,fe,Somatomotor,0.1362031088050556
sub-38,fe,DorsalAttention,0.14581774067610537
sub-38,fe,VentralAttention,0.1453447002567235
sub-38,fe,Limbic,9.175010645238678e-07
sub-38,fe,Frontoparietal,0.11590599544146726
sub-38,fe,Default,0.10783369364126565
sub-39,fe,Visual,0.16491208573569077
sub-39,fe,Somatomotor,0.17697370448829025
sub-39,fe,DorsalAttention,0.1852916072515098
sub-39,fe,VentralAttention,0.23589891359003956
sub-39,fe,Limbic,0.06575863265444612
sub-39,fe,Frontoparietal,0.18728898333164568
sub-39,fe,Default,0.16785692805769442
sub-40,fe,Visual,0.13297896126493228
sub-40,fe,Somatomotor,0.12823358699000614
sub-40,fe,DorsalAttention,0.1350281863919559
sub-40,fe,VentralAttention,0.1253189428377986
sub-40,fe,Limbic,8.826954885151386e-07
sub-40,fe,Frontoparietal,0.08755905210723872
sub-40,fe,Default,0.07338259650910561
